time,iterations,episodes,training reward,validation reward,validation reward std,validation reward min,validation reward max,loss policy,loss critic,sigma
2.665159225463867,1,2,,0.8861529409885407,0.02271449294483253,0.8599357604980469,0.9390081167221069,7.324272155761719,0.0025674612261354923,0.10000000149011612
2.8991987705230713,2,3,,,,,,15.30678653717041,0.0012416777899488807,0.10000000149011612
3.1276051998138428,3,6,,,,,,9.951539039611816,0.000946545391343534,0.10000000149011612
3.3480308055877686,4,7,,,,,,13.294394493103027,0.0007883888902142644,0.10000000149011612
3.5809144973754883,5,10,,,,,,4.6787238121032715,0.0005893439520150423,0.10000000149011612
3.8043317794799805,6,11,,,,,,-3.4067249298095703,0.00022306670143734664,0.10000000149011612
4.029237985610962,7,12,,,,,,-2.7022838592529297,0.00019954923482146114,0.10000000149011612
4.128971576690674,8,16,,,,,,-10.825348854064941,0.0030741486698389053,0.10000000149011612
4.356362342834473,9,17,,,,,,-5.209893703460693,0.0007382581243291497,0.10000000149011612
4.568793773651123,10,19,,,,,,0.8097760677337646,0.0004745925252791494,0.10000000149011612
4.807156324386597,11,21,,,,,,-1.7097394466400146,0.0009224290843121707,0.10000000149011612
5.03542160987854,12,21,,,,,,-9.4646577835083,0.0008227372891269624,0.10000000149011612
5.2588417530059814,13,23,,,,,,-2.0596797466278076,0.00017222399765159935,0.10000000149011612
5.487231254577637,14,26,,,,,,-2.4205753803253174,0.00011689732491504401,0.10000000149011612
5.705646514892578,15,28,,,,,,-14.3245267868042,0.001235391478985548,0.10000000149011612
5.944024562835693,16,31,,,,,,2.657843828201294,0.0006092305993661284,0.10000000149011612
6.165937900543213,17,33,,,,,,5.887578964233398,0.0002468300226610154,0.10000000149011612
6.406294822692871,18,36,,,,,,2.0721747875213623,0.0010281848954036832,0.10000000149011612
6.627702951431274,19,37,,,,,,-3.5586161613464355,0.00044903348316438496,0.10000000149011612
6.856091499328613,20,39,,,,,,2.5263733863830566,0.0003124653303530067,0.10000000149011612
7.09046483039856,21,41,,,,,,2.0134732723236084,0.00023039124789647758,0.10000000149011612
7.3206164836883545,22,43,,,,,,0.4710264205932617,0.001014595152810216,0.10000000149011612
7.545174837112427,23,45,,,,,,0.14021429419517517,0.00034074540599249303,0.10000000149011612
7.766582727432251,24,47,,,,,,-8.212342262268066,0.0008509762119501829,0.10000000149011612
8.003961563110352,25,49,,,,,,4.074416637420654,0.000496316235512495,0.10000000149011612
8.232365131378174,26,50,,,,,,-2.416436195373535,0.0007456089952029288,0.10000000149011612
8.45377254486084,27,51,,,,,,0.32944542169570923,0.00041373056592419744,0.10000000149011612
8.693132877349854,28,54,,,,,,7.1664934158325195,0.001283574616536498,0.10000000149011612
8.92402172088623,29,55,,,,,,2.5982251167297363,0.0005793331656605005,0.10000000149011612
9.163380861282349,30,58,,,,,,1.8076120615005493,0.0011605613399297,0.10000000149011612
9.3851478099823,31,58,,,,,,-3.843233346939087,0.0001805726788006723,0.10000000149011612
9.608551025390625,32,61,,,,,,4.031050682067871,0.0004025489615742117,0.10000000149011612
9.834944725036621,33,62,,,,,,3.9225540161132812,0.00012608678662218153,0.10000000149011612
10.076162099838257,34,65,,,,,,2.5739943981170654,0.0002769871789496392,0.10000000149011612
10.30705213546753,35,66,,,,,,-2.8963050842285156,0.0005487116286531091,0.10000000149011612
10.531451940536499,36,68,,,,,,7.852005958557129,0.0006640825304202735,0.10000000149011612
10.767819881439209,37,71,,,,,,5.065849304199219,0.0006746199796907604,0.10000000149011612
10.99720573425293,38,72,,,,,,6.591343402862549,0.0005702769849449396,0.10000000149011612
11.229609251022339,39,75,,,,,,-3.561838388442993,0.0004456973692867905,0.10000000149011612
11.461519002914429,40,76,,,,,,1.8544983863830566,0.00031171980663202703,0.10000000149011612
11.685919284820557,41,76,,,,,,4.347014904022217,0.0002454204950481653,0.10000000149011612
11.91631531715393,42,80,,,,,,-4.23381233215332,0.0006920514279045165,0.10000000149011612
12.150688886642456,43,80,,,,,,-4.674687385559082,0.0003952057450078428,0.10000000149011612
12.384064674377441,44,81,,,,,,-0.2146739661693573,4.918307968182489e-05,0.10000000149011612
12.567573308944702,45,85,,,,,,-10.476180076599121,0.001879085903055966,0.10000000149011612
12.790484428405762,46,88,,,,,,1.5750172138214111,0.0007745321490801871,0.10000000149011612
13.015928030014038,47,88,,,,,,0.996548056602478,0.00016794053954072297,0.10000000149011612
13.20731782913208,48,92,,,,,,-2.155432939529419,0.0001718264538794756,0.10000000149011612
13.444047927856445,49,93,,,,,,0.925441563129425,0.0007624903228133917,0.10000000149011612
13.667449951171875,50,93,,,,,,-2.94537353515625,0.0002996633411385119,0.10000000149011612
13.898831367492676,51,96,,,,,,-3.40791392326355,0.0003986730007454753,0.10000000149011612
14.123244047164917,52,98,,,,,,2.7105116844177246,0.0002515259839128703,0.10000000149011612
14.357125282287598,53,101,,,,,,4.042888164520264,0.0002524641458876431,0.10000000149011612
14.58850622177124,54,104,,,,,,-5.2837042808532715,0.0019971488509327173,0.10000000149011612
14.823876857757568,55,105,,,,,,8.266097068786621,0.0005046562291681767,0.10000000149011612
15.053262710571289,56,107,,,,,,-2.5423810482025146,0.0008052909979596734,0.10000000149011612
15.284688711166382,57,109,,,,,,8.696137428283691,0.0007917659822851419,0.10000000149011612
15.510085821151733,58,110,,,,,,-2.1702678203582764,0.00022125555551610887,0.10000000149011612
15.752438068389893,59,112,,,,,,2.8533153533935547,0.00022808600624557585,0.10000000149011612
15.993703365325928,60,115,,,,,,2.3963539600372314,0.00017649939400143921,0.10000000149011612
16.223103761672974,61,115,,,,,,-5.327139854431152,0.00018227974942419678,0.10000000149011612
16.44900608062744,62,117,,,,,,-1.0300289392471313,0.0003229572030249983,0.10000000149011612
16.641491174697876,63,121,,,,,,-3.8558473587036133,0.00034634885378181934,0.10000000149011612
16.87386989593506,64,123,,,,,,-3.582104444503784,0.0005394980544224381,0.10000000149011612
17.113229036331177,65,125,,,,,,-0.056118860840797424,0.0003291287284810096,0.10000000149011612
17.34660506248474,66,126,,,,,,-6.244889259338379,0.0011084666475653648,0.10000000149011612
17.57599139213562,67,129,,,,,,3.517141103744507,0.0003060540184378624,0.10000000149011612
17.812358617782593,68,130,,,,,,-3.214784860610962,0.00019131877343170345,0.10000000149011612
18.051275491714478,69,132,,,,,,-2.3765432834625244,0.0010903961956501007,0.10000000149011612
18.29375433921814,70,133,,,,,,-2.634483814239502,0.00016014806169550866,0.10000000149011612
18.51417827606201,71,135,,,,,,0.645880937576294,0.00017478218069300056,0.10000000149011612
18.75304627418518,72,137,,,,,,-2.718271255493164,0.00038341659819707274,0.10000000149011612
18.984934091567993,73,138,,,,,,-1.0612519979476929,0.00010056603787234053,0.10000000149011612
19.22628879547119,74,141,,,,,,2.2807867527008057,0.00017330065020360053,0.10000000149011612
19.46664571762085,75,143,,,,,,4.514786720275879,0.0009691891027614474,0.10000000149011612
19.700021028518677,76,145,,,,,,9.61268138885498,0.0007531203445978463,0.10000000149011612
19.948384046554565,77,147,,,,,,-2.0465328693389893,0.00026791280834004283,0.10000000149011612
20.19847798347473,78,149,,,,,,1.0926927328109741,0.0004049253184348345,0.10000000149011612
20.439831733703613,79,150,,,,,,2.6835732460021973,0.00020022322132717818,0.10000000149011612
20.68169140815735,80,153,,,,,,-2.0565953254699707,0.00036647633532993495,0.10000000149011612
20.93103814125061,81,155,,,,,,1.2412025928497314,9.951546235242859e-05,0.10000000149011612
21.181875467300415,82,156,,,,,,3.524152994155884,0.00031820021104067564,0.10000000149011612
21.38034462928772,83,160,,,,,,-2.0405333042144775,0.0007303943857550621,0.10000000149011612
21.623693466186523,84,160,,,,,,3.9823226928710938,0.00028702011331915855,0.10000000149011612
21.844103574752808,85,164,,,,,,1.1352065801620483,0.0006053921533748507,0.10000000149011612
22.100418090820312,86,166,,,,,,-4.815444469451904,0.0003586013917811215,0.10000000149011612
22.350748538970947,87,169,,,,,,-1.4920603036880493,0.00023510665050707757,0.10000000149011612
22.590006351470947,88,171,,,,,,-5.184316158294678,0.0002984431339427829,0.10000000149011612
22.842384338378906,89,173,,,,,,-6.5366010665893555,0.0006144309882074594,0.10000000149011612
23.082043409347534,90,174,,,,,,-3.755606174468994,0.0001232941576745361,0.10000000149011612
23.327386617660522,91,177,,,,,,-8.744673728942871,0.0010552749736234546,0.10000000149011612
23.570752382278442,92,179,,,,,,3.4858920574188232,0.0003371436905581504,0.10000000149011612
23.82408833503723,93,181,,,,,,-3.7610700130462646,0.00020443915855139494,0.10000000149011612
24.05697512626648,94,183,,,,,,-4.7948784828186035,0.00024090995430015028,0.10000000149011612
24.306307792663574,95,185,,,,,,1.9238760471343994,5.378725109039806e-05,0.10000000149011612
24.549657106399536,96,188,,,,,,1.9248652458190918,0.00043166230898350477,0.10000000149011612
24.79248023033142,97,189,,,,,,2.3224217891693115,0.0001405353978043422,0.10000000149011612
25.046825647354126,98,192,,,,,,7.560004234313965,0.0014482130063697696,0.10000000149011612
25.30314016342163,99,194,,,,,,9.026058197021484,0.0010162174003198743,0.10000000149011612
25.551475763320923,100,196,,,,,,-0.2335188090801239,0.00045225737267173827,0.10000000149011612
28.383699893951416,101,196,,0.8736980557441711,0.025428704746711314,0.8399435877799988,0.9240769147872925,3.273350954055786,0.00023769027029629797,0.10000000149011612
28.585160493850708,102,200,,,,,,6.1566877365112305,0.0006780417752452195,0.10000000149011612
28.836243867874146,103,201,,,,,,8.476951599121094,0.00041489663999527693,0.10000000149011612
29.075603723526,104,203,,,,,,0.4180349111557007,0.0003188357222825289,0.10000000149011612
29.31945824623108,105,205,,,,,,1.5572665929794312,0.00014057671069167554,0.10000000149011612
29.571796894073486,106,208,,,,,,-0.6528595685958862,0.0003883266181219369,0.10000000149011612
29.810173511505127,107,210,,,,,,0.44191500544548035,0.00030841940315440297,0.10000000149011612
30.056023597717285,108,213,,,,,,-3.16867995262146,0.0008959220722317696,0.10000000149011612
30.310343027114868,109,214,,,,,,1.0024162530899048,6.987098458921537e-05,0.10000000149011612
30.56466317176819,110,216,,,,,,-4.058206558227539,0.00019877559680026025,0.10000000149011612
30.819979429244995,111,218,,,,,,-1.3066112995147705,7.697168621234596e-05,0.10000000149011612
31.09537148475647,112,221,,,,,,-4.309057712554932,0.00017583508451934904,0.10000000149011612
31.349287271499634,113,223,,,,,,-0.0351213738322258,0.00030610928661189973,0.10000000149011612
31.590640544891357,114,225,,,,,,-3.0109362602233887,0.0001958441425813362,0.10000000149011612
31.706331253051758,115,229,,,,,,0.32647114992141724,0.00014598318375647068,0.10000000149011612
31.953887462615967,116,230,,,,,,-6.556341648101807,0.0005399707588367164,0.10000000149011612
32.2057204246521,117,231,,,,,,-0.7460039854049683,0.00016452402633149177,0.10000000149011612
32.45505380630493,118,233,,,,,,-3.1347289085388184,0.00030357434297911823,0.10000000149011612
32.686434268951416,119,237,,,,,,-2.43015456199646,0.0007730224169790745,0.10000000149011612
32.92729735374451,120,237,,,,,,-0.8290414214134216,0.00020050797320436686,0.10000000149011612
33.13325309753418,121,241,,,,,,2.0674612522125244,0.0004571397148538381,0.10000000149011612
33.38239145278931,122,241,,,,,,1.0961483716964722,7.131036545615643e-05,0.10000000149011612
33.62930107116699,123,243,,,,,,0.6436563730239868,0.00015575188444927335,0.10000000149011612
33.8826379776001,124,245,,,,,,0.39459797739982605,0.0001985877606784925,0.10000000149011612
34.12001705169678,125,248,,,,,,-4.030404567718506,0.0014094766229391098,0.10000000149011612
34.37185072898865,126,250,,,,,,-2.084904432296753,0.00031012692488729954,0.10000000149011612
34.617194175720215,127,251,,,,,,0.006427066400647163,0.00024028525513131171,0.10000000149011612
34.82663416862488,128,255,,,,,,1.6656609773635864,0.00019102117221336812,0.10000000149011612
35.0760018825531,129,256,,,,,,4.335993766784668,0.00017376717005390674,0.10000000149011612
35.32240843772888,130,259,,,,,,-0.038168855011463165,0.0002293912402819842,0.10000000149011612
35.58341360092163,131,260,,,,,,2.746661424636841,0.00023128623433876783,0.10000000149011612
35.8272705078125,132,262,,,,,,4.0836687088012695,0.00016312744992319494,0.10000000149011612
36.08671045303345,133,264,,,,,,-0.9668134450912476,0.00010687983012758195,0.10000000149011612
36.33904957771301,134,265,,,,,,-3.7684032917022705,0.00036147242644801736,0.10000000149011612
36.594366788864136,135,267,,,,,,0.573973536491394,0.00017177271365653723,0.10000000149011612
36.83572173118591,136,270,,,,,,0.5271259546279907,0.00029308482771739364,0.10000000149011612
37.094030141830444,137,271,,,,,,-2.230654716491699,0.0002093207585858181,0.10000000149011612
37.32995629310608,138,273,,,,,,7.180597305297852,0.000592877040617168,0.10000000149011612
37.58472275733948,139,276,,,,,,0.8524496555328369,0.000264800590230152,0.10000000149011612
37.83704733848572,140,278,,,,,,-11.570791244506836,0.0010941732907667756,0.10000000149011612
38.082391023635864,141,280,,,,,,1.0218225717544556,6.525981734739617e-05,0.10000000149011612
38.336724519729614,142,282,,,,,,1.2146402597427368,7.105625991243869e-05,0.10000000149011612
38.58906316757202,143,284,,,,,,-1.2881958484649658,0.00016087948461063206,0.10000000149011612
38.84737205505371,144,286,,,,,,-1.6056039333343506,0.0004027055110782385,0.10000000149011612
39.09869933128357,145,287,,,,,,-3.495959758758545,0.0001727601047605276,0.10000000149011612
39.35601091384888,146,289,,,,,,-4.528441429138184,0.00027338051586411893,0.10000000149011612
39.61731219291687,147,291,,,,,,0.025578660890460014,0.0006072513642720878,0.10000000149011612
39.86469912528992,148,294,,,,,,-1.1148860454559326,7.616727816639468e-05,0.10000000149011612
40.122010946273804,149,295,,,,,,-0.7558510303497314,0.00038251106161624193,0.10000000149011612
40.36940598487854,150,297,,,,,,6.073076248168945,0.0006761274999007583,0.10000000149011612
40.61476278305054,151,299,,,,,,2.079281806945801,0.0003145424707327038,0.10000000149011612
40.86908221244812,152,301,,,,,,1.5377382040023804,6.023631431162357e-05,0.10000000149011612
41.12075185775757,153,302,,,,,,-2.7830774784088135,0.0005677081062458456,0.10000000149011612
41.37508511543274,154,304,,,,,,3.0080976486206055,0.00023351247364189476,0.10000000149011612
41.624417781829834,155,306,,,,,,2.697352886199951,0.0002644835622049868,0.10000000149011612
41.883724212646484,156,308,,,,,,2.3275089263916016,0.00027708854759112,0.10000000149011612
42.12707328796387,157,311,,,,,,9.534823417663574,0.0007759153377264738,0.10000000149011612
42.372124433517456,158,313,,,,,,-1.3239781856536865,0.0005336394533514977,0.10000000149011612
42.62399673461914,159,314,,,,,,-0.7473186254501343,0.0008196685812436044,0.10000000149011612
42.87632155418396,160,316,,,,,,3.8267335891723633,0.00020016683265566826,0.10000000149011612
43.132668256759644,161,317,,,,,,5.830237865447998,0.0004856801242567599,0.10000000149011612
43.379024505615234,162,320,,,,,,1.8940868377685547,0.00018695395556278527,0.10000000149011612
43.643316984176636,163,322,,,,,,-2.6058297157287598,0.0005498490063473582,0.10000000149011612
43.895641803741455,164,324,,,,,,-7.092585563659668,0.000653469527605921,0.10000000149011612
44.148964405059814,165,325,,,,,,-3.659593105316162,0.0003331257321406156,0.10000000149011612
44.39898109436035,166,327,,,,,,4.963944435119629,0.00038098718505352736,0.10000000149011612
44.653807640075684,167,329,,,,,,3.94399356842041,0.000255515449680388,0.10000000149011612
44.90912461280823,168,330,,,,,,-3.9456348419189453,0.0003134002909064293,0.10000000149011612
45.16743350028992,169,331,,,,,,1.605680227279663,0.00014334407751448452,0.10000000149011612
45.40980076789856,170,334,,,,,,-3.49088454246521,0.00020432204473763704,0.10000000149011612
45.6686155796051,171,336,,,,,,-2.322509288787842,0.0006569242686964571,0.10000000149011612
45.916951417922974,172,336,,,,,,1.9850585460662842,0.00023699695884715766,0.10000000149011612
46.17226839065552,173,338,,,,,,-1.4773494005203247,0.00024155872233677655,0.10000000149011612
46.43407440185547,174,340,,,,,,-0.9339492321014404,0.00047848469694145024,0.10000000149011612
46.681533336639404,175,343,,,,,,-2.95892333984375,0.00037368861376307905,0.10000000149011612
46.934855937957764,176,344,,,,,,-0.8791957497596741,0.00023615235113538802,0.10000000149011612
47.182194232940674,177,346,,,,,,-1.1328160762786865,0.00022524585074279457,0.10000000149011612
47.435524463653564,178,347,,,,,,-5.378754138946533,0.0008473490015603602,0.10000000149011612
47.68886041641235,179,350,,,,,,3.413546562194824,0.00037754717050120234,0.10000000149011612
47.94269061088562,180,352,,,,,,-5.541449546813965,0.00253750616684556,0.10000000149011612
48.18404459953308,181,352,,,,,,-9.434078216552734,0.00033839745447039604,0.10000000149011612
48.416423082351685,182,356,,,,,,-0.866829514503479,0.00016919063637033105,0.10000000149011612
48.66176652908325,183,358,,,,,,-2.6362764835357666,0.0003032155509572476,0.10000000149011612
48.90617847442627,184,360,,,,,,-1.050707459449768,0.0003920240269508213,0.10000000149011612
49.16099238395691,185,362,,,,,,-2.7111124992370605,0.0004155792121309787,0.10000000149011612
49.418304443359375,186,364,,,,,,-0.5728963613510132,0.0004605970752891153,0.10000000149011612
49.669580698013306,187,366,,,,,,5.977850437164307,0.00037880471791140735,0.10000000149011612
49.91493844985962,188,368,,,,,,-3.386307716369629,9.677429625298828e-05,0.10000000149011612
50.163779735565186,189,370,,,,,,4.756040573120117,0.0002205923810834065,0.10000000149011612
50.43106508255005,190,372,,,,,,0.07904919236898422,0.0002910042239818722,0.10000000149011612
50.68039846420288,191,375,,,,,,6.659822940826416,0.0009427857585251331,0.10000000149011612
50.93172597885132,192,376,,,,,,11.59656047821045,0.0008387136622332036,0.10000000149011612
51.16919016838074,193,379,,,,,,14.143095016479492,0.001086795935407281,0.10000000149011612
51.4280891418457,194,380,,,,,,0.18950936198234558,0.00018701751832850277,0.10000000149011612
51.682408809661865,195,381,,,,,,-1.9081804752349854,0.000832738820463419,0.10000000149011612
51.93674325942993,196,383,,,,,,-5.443650245666504,0.0010761868907138705,0.10000000149011612
52.184587717056274,197,385,,,,,,-6.426974296569824,0.0010493190493434668,0.10000000149011612
52.444892168045044,198,386,,,,,,2.35015869140625,0.000269060954451561,0.10000000149011612
52.6952223777771,199,389,,,,,,-1.3246549367904663,0.00022707314928993583,0.10000000149011612
52.93708300590515,200,392,,,,,,-2.719008207321167,0.0006393308285623789,0.10000000149011612
56.40933036804199,201,395,,0.8741534292697907,0.03688045739125389,0.8097885251045227,0.921776533126831,1.9925042390823364,0.00034580615465529263,0.10000000149011612
56.661456823349,202,397,,,,,,-0.4230712652206421,0.0001814137358451262,0.10000000149011612
56.9137818813324,203,398,,,,,,-0.5421709418296814,0.00032093332265503705,0.10000000149011612
57.16761016845703,204,401,,,,,,-2.6862425804138184,0.00022446691582445055,0.10000000149011612
57.42593288421631,205,403,,,,,,-7.791127681732178,0.0006626253598369658,0.10000000149011612
57.68124985694885,206,404,,,,,,-4.439579963684082,0.00031058103195391595,0.10000000149011612
57.9295859336853,207,406,,,,,,2.256570816040039,0.00020080541435163468,0.10000000149011612
58.125062704086304,208,410,,,,,,-4.6143975257873535,0.0008764649392105639,0.10000000149011612
58.38137722015381,209,411,,,,,,-1.3044288158416748,0.00017344433581456542,0.10000000149011612
58.64168119430542,210,413,,,,,,1.7473171949386597,0.000103762409707997,0.10000000149011612
58.89911484718323,211,415,,,,,,-3.5231430530548096,0.0003243747923988849,0.10000000149011612
59.143354177474976,212,416,,,,,,0.2353658825159073,0.0002646739303600043,0.10000000149011612
59.40964126586914,213,419,,,,,,8.036569595336914,0.0018411752535030246,0.10000000149011612
59.65648913383484,214,422,,,,,,6.145740509033203,0.000601380888838321,0.10000000149011612
59.9068341255188,215,423,,,,,,11.048728942871094,0.0010855508735403419,0.10000000149011612
60.1526837348938,216,424,,,,,,4.173713684082031,0.00019923440413549542,0.10000000149011612
60.41797399520874,217,426,,,,,,1.4173897504806519,0.0002590299991425127,0.10000000149011612
60.66032600402832,218,429,,,,,,5.156332969665527,0.000349806243320927,0.10000000149011612
60.91963195800781,219,431,,,,,,-0.18755921721458435,0.0005377904744818807,0.10000000149011612
61.21296215057373,220,432,,,,,,-1.1682446002960205,5.3818592277821153e-05,0.10000000149011612
61.480708599090576,221,435,,,,,,-6.201467037200928,0.00045180029701441526,0.10000000149011612
61.73103857040405,222,435,,,,,,-2.4704177379608154,0.00015419820556417108,0.10000000149011612
61.954455852508545,223,439,,,,,,1.6906622648239136,0.0012154533760622144,0.10000000149011612
62.21178317070007,224,439,,,,,,-3.769139289855957,0.00016486720414832234,0.10000000149011612
62.46760582923889,225,440,,,,,,3.0322301387786865,0.00012653229350689799,0.10000000149011612
62.726911783218384,226,443,,,,,,-0.38826632499694824,6.759982352377847e-05,0.10000000149011612
62.980234146118164,227,444,,,,,,4.732841491699219,0.00021419943368528038,0.10000000149011612
63.233556509017944,228,446,,,,,,1.6553653478622437,7.123778777895495e-05,0.10000000149011612
63.4968523979187,229,448,,,,,,4.400916576385498,0.00020349762053228915,0.10000000149011612
63.761677742004395,230,450,,,,,,4.430426120758057,0.00047480405191890895,0.10000000149011612
64.0154480934143,231,451,,,,,,1.6053531169891357,0.00012436254473868757,0.10000000149011612
64.26379752159119,232,454,,,,,,3.1419312953948975,0.00039338061469607055,0.10000000149011612
64.52460885047913,233,456,,,,,,-5.107851982116699,0.0005489821778610349,0.10000000149011612
64.77992582321167,234,458,,,,,,-3.6897175312042236,0.00025537112378515303,0.10000000149011612
65.02526950836182,235,459,,,,,,-6.761078834533691,0.0005644633201882243,0.10000000149011612
65.27759432792664,236,461,,,,,,-3.73472261428833,0.00023393910669256002,0.10000000149011612
65.5359034538269,237,463,,,,,,0.08286543190479279,0.000663458020426333,0.10000000149011612
65.77479815483093,238,466,,,,,,-8.585759162902832,0.0011811275035142899,0.10000000149011612
66.03310704231262,239,469,,,,,,-4.78996467590332,0.0009915765840560198,0.10000000149011612
66.2964186668396,240,469,,,,,,2.0726070404052734,0.00011496264050947502,0.10000000149011612
66.54876017570496,241,472,,,,,,-4.70950984954834,0.0010257137473672628,0.10000000149011612
66.80358576774597,242,474,,,,,,7.115078449249268,0.0005670757964253426,0.10000000149011612
67.05690813064575,243,476,,,,,,1.4337540864944458,0.000234600345720537,0.10000000149011612
67.31820869445801,244,477,,,,,,-4.442131996154785,0.0007661489653401077,0.10000000149011612
67.56602787971497,245,479,,,,,,0.9587540030479431,0.0003583705110941082,0.10000000149011612
67.82141065597534,246,482,,,,,,1.338805913925171,0.00047022278886288404,0.10000000149011612
68.07473278045654,247,483,,,,,,7.791832447052002,0.00043709675082936883,0.10000000149011612
68.31808185577393,248,485,,,,,,1.2148587703704834,0.0004456611641217023,0.10000000149011612
68.57241463661194,249,487,,,,,,8.506129264831543,0.0009447357151657343,0.10000000149011612
68.8237566947937,250,490,,,,,,3.0513992309570312,0.0006503161857835948,0.10000000149011612
69.0661084651947,251,491,,,,,,-4.634924411773682,0.00017424071847926825,0.10000000149011612
69.31244969367981,252,494,,,,,,0.23089882731437683,0.0003181110369041562,0.10000000149011612
69.56876420974731,253,496,,,,,,-2.0484657287597656,0.00011392414307920262,0.10000000149011612
69.8230459690094,254,498,,,,,,-8.140951156616211,0.001375174499116838,0.10000000149011612
70.06002378463745,255,498,,,,,,-1.1347315311431885,9.756530926097184e-05,0.10000000149011612
70.23854637145996,256,502,,,,,,-1.2877731323242188,0.0005331923603080213,0.10000000149011612
70.49486088752747,257,503,,,,,,7.441563129425049,0.00046391625073738396,0.10000000149011612
70.73122811317444,258,506,,,,,,8.746586799621582,0.0004744733450934291,0.10000000149011612
70.97957801818848,259,509,,,,,,-3.3680877685546875,0.00035318455775268376,0.10000000149011612
71.23440313339233,260,510,,,,,,6.44588565826416,0.0005630777450278401,0.10000000149011612
71.48672866821289,261,512,,,,,,2.234144687652588,0.0003937669680453837,0.10000000149011612
71.745037317276,262,514,,,,,,-2.4126875400543213,0.0004759092698805034,0.10000000149011612
71.98590016365051,263,516,,,,,,0.9884465932846069,0.00011309309775242582,0.10000000149011612
72.24528121948242,264,518,,,,,,-0.9990494251251221,9.704547846922651e-05,0.10000000149011612
72.49760603904724,265,519,,,,,,0.4195168912410736,0.00011314309085719287,0.10000000149011612
72.75790929794312,266,522,,,,,,-8.078316688537598,0.0009570417460054159,0.10000000149011612
73.01024913787842,267,524,,,,,,2.611907720565796,0.000175925248186104,0.10000000149011612
73.2625904083252,268,526,,,,,,-8.267806053161621,0.000784587231464684,0.10000000149011612
73.5194103717804,269,528,,,,,,-1.8941508531570435,8.277050073957071e-05,0.10000000149011612
73.76974081993103,270,530,,,,,,2.057748794555664,7.435605220962316e-05,0.10000000149011612
74.03104186058044,271,532,,,,,,-5.396797180175781,0.0008928505703806877,0.10000000149011612
74.28387308120728,272,533,,,,,,-1.8556069135665894,0.0002409152511972934,0.10000000149011612
74.54628014564514,273,535,,,,,,-0.6485037207603455,0.00013038176984991878,0.10000000149011612
74.79960250854492,274,536,,,,,,1.8810725212097168,0.0001968463184311986,0.10000000149011612
75.04594326019287,275,539,,,,,,9.584558486938477,0.0011118806432932615,0.10000000149011612
75.2952938079834,276,541,,,,,,4.058994293212891,0.00020294830028433353,0.10000000149011612
75.5476336479187,277,543,,,,,,1.4789196252822876,0.000548904063180089,0.10000000149011612
75.79647493362427,278,544,,,,,,8.501806259155273,0.0006900044973008335,0.10000000149011612
76.0438129901886,279,547,,,,,,0.6316580772399902,0.00036985744372941554,0.10000000149011612
76.29713606834412,280,548,,,,,,6.850531578063965,0.000478633854072541,0.10000000149011612
76.55045819282532,281,551,,,,,,2.186661958694458,0.0008152224472723901,0.10000000149011612
76.808767080307,282,552,,,,,,4.4964423179626465,0.00028487396775744855,0.10000000149011612
77.06073951721191,283,555,,,,,,-3.2636964321136475,0.0002762847871053964,0.10000000149011612
77.3180513381958,284,556,,,,,,2.081782579421997,0.00041735157719813287,0.10000000149011612
77.57636904716492,285,557,,,,,,-0.19273777306079865,7.359865412581712e-05,0.10000000149011612
77.82571649551392,286,560,,,,,,-5.6305060386657715,0.00048788197454996407,0.10000000149011612
78.0800359249115,287,561,,,,,,-3.3874857425689697,0.0004250017227604985,0.10000000149011612
78.33335828781128,288,563,,,,,,-5.462998390197754,0.00032021652441471815,0.10000000149011612
78.58767795562744,289,565,,,,,,-3.8367037773132324,0.0006667001871392131,0.10000000149011612
78.83701062202454,290,566,,,,,,-11.048977851867676,0.0005795301985926926,0.10000000149011612
79.08141088485718,291,569,,,,,,0.42947328090667725,0.0002685541985556483,0.10000000149011612
79.33174157142639,292,570,,,,,,-0.7193406820297241,0.0003217907506041229,0.10000000149011612
79.58244276046753,293,572,,,,,,3.7026381492614746,0.00025803016615100205,0.10000000149011612
79.73953032493591,294,576,,,,,,7.879904747009277,0.0011751878773793578,0.10000000149011612
79.98936939239502,295,576,,,,,,4.590957164764404,0.000342105224262923,0.10000000149011612
80.2337155342102,296,579,,,,,,2.60146427154541,0.0004628750612027943,0.10000000149011612
80.48404598236084,297,582,,,,,,-3.297778367996216,0.000643999723251909,0.10000000149011612
80.74485445022583,298,584,,,,,,8.826894760131836,0.0007379779126495123,0.10000000149011612
80.98932766914368,299,586,,,,,,5.161989212036133,0.0002072649513138458,0.10000000149011612
81.24464392662048,300,589,,,,,,-0.2155231237411499,0.0002942052378784865,0.10000000149011612
84.55409979820251,301,591,,0.8514155328273774,0.03384749537780105,0.7825013399124146,0.8954451680183411,-7.939960956573486,0.0010084412060678005,0.10000000149011612
84.813405752182,302,593,,,,,,-5.683192729949951,0.0009488443029113114,0.10000000149011612
85.07171487808228,303,595,,,,,,0.47867724299430847,0.0011701040202751756,0.10000000149011612
85.32204484939575,304,599,,,,,,-3.033358097076416,0.0005095522501505911,0.10000000149011612
85.57337284088135,305,600,,,,,,-0.22668887674808502,0.0005110696074552834,0.10000000149011612
85.82868957519531,306,603,,,,,,-7.611235618591309,0.0007287109037861228,0.10000000149011612
86.0886778831482,307,605,,,,,,-5.525658130645752,0.0006938545848242939,0.10000000149011612
86.34200024604797,308,607,,,,,,-1.63483464717865,0.00029533423366956413,0.10000000149011612
86.60083794593811,309,610,,,,,,-0.04658475145697594,0.00020082910486962646,0.10000000149011612
86.84617137908936,310,611,,,,,,-0.8201999068260193,0.0002767539699561894,0.10000000149011612
87.09949374198914,311,614,,,,,,-3.4681341648101807,0.0007411156548187137,0.10000000149011612
87.36079597473145,312,615,,,,,,-2.6600568294525146,0.00013573160686064512,0.10000000149011612
87.6288948059082,313,617,,,,,,-2.673530340194702,0.00033882242860272527,0.10000000149011612
87.8783266544342,314,618,,,,,,0.9474694132804871,8.733017602935433e-05,0.10000000149011612
88.13065218925476,315,621,,,,,,5.7922682762146,0.0010096619371324778,0.10000000149011612
88.39095520973206,316,622,,,,,,4.23495626449585,0.00018300274678040296,0.10000000149011612
88.62954115867615,317,625,,,,,,10.759600639343262,0.0012322913389652967,0.10000000149011612
88.89134883880615,318,627,,,,,,3.3741958141326904,0.00018597545567899942,0.10000000149011612
89.14068078994751,319,630,,,,,,1.40450918674469,0.0003375382220838219,0.10000000149011612
89.39998745918274,320,631,,,,,,-0.07953836768865585,0.0004144989070482552,0.10000000149011612
89.64632892608643,321,632,,,,,,1.4566594362258911,7.945118704810739e-05,0.10000000149011612
89.90862607955933,322,635,,,,,,1.5813727378845215,0.0009052818058989942,0.10000000149011612
90.15977096557617,323,636,,,,,,3.6122169494628906,0.0003307991137262434,0.10000000149011612
90.33330726623535,324,640,,,,,,-2.6082510948181152,0.0005009647575207055,0.10000000149011612
90.59311532974243,325,640,,,,,,4.4739203453063965,0.0002577402628958225,0.10000000149011612
90.8474485874176,326,642,,,,,,1.4120780229568481,0.00036664243089035153,0.10000000149011612
91.11523938179016,327,644,,,,,,3.6625397205352783,0.0003603683435358107,0.10000000149011612
91.39648699760437,328,647,,,,,,-0.2515677511692047,0.0007174228667281568,0.10000000149011612
91.6528012752533,329,648,,,,,,-5.774528980255127,0.0004106083360966295,0.10000000149011612
91.90263962745667,330,651,,,,,,-4.996570110321045,0.0005101451533846557,0.10000000149011612
92.14410185813904,331,654,,,,,,-0.4528312385082245,0.0001614472857909277,0.10000000149011612
92.40241122245789,332,656,,,,,,4.863412857055664,0.0009379997500218451,0.10000000149011612
92.65373873710632,333,657,,,,,,0.6273412108421326,0.0001866881357273087,0.10000000149011612
92.89211583137512,334,660,,,,,,0.48895952105522156,0.00011602056474657729,0.10000000149011612
93.15243291854858,335,663,,,,,,4.5264081954956055,0.0004297510895412415,0.10000000149011612
93.39628911018372,336,665,,,,,,-3.3245365619659424,0.00041073316242545843,0.10000000149011612
93.6496114730835,337,668,,,,,,-0.0684710368514061,9.335934009868652e-05,0.10000000149011612
93.88797378540039,338,670,,,,,,-4.45005989074707,9.167413372779265e-05,0.10000000149011612
94.14827704429626,339,672,,,,,,-7.547610759735107,0.0005665995995514095,0.10000000149011612
94.39461827278137,340,672,,,,,,1.0314568281173706,5.0336380809312686e-05,0.10000000149011612
94.5282609462738,341,676,,,,,,1.9464070796966553,0.0003733134944923222,0.10000000149011612
94.77958869934082,342,676,,,,,,-8.528406143188477,0.0006195941823534667,0.10000000149011612
95.0169529914856,343,679,,,,,,-2.889573574066162,0.00019331899238750339,0.10000000149011612
95.26729989051819,344,681,,,,,,-0.9199569225311279,0.00010279646085109562,0.10000000149011612
95.53360199928284,345,682,,,,,,1.2964407205581665,7.113910396583378e-05,0.10000000149011612
95.79091334342957,346,683,,,,,,3.0299148559570312,0.0002154236426576972,0.10000000149011612
96.0512170791626,347,685,,,,,,1.2437224388122559,7.968262070789933e-05,0.10000000149011612
96.29955267906189,348,688,,,,,,5.879106044769287,0.0004638156096916646,0.10000000149011612
96.56284832954407,349,689,,,,,,0.5139307379722595,0.00018435601668898016,0.10000000149011612
96.82718825340271,350,691,,,,,,-0.4976886808872223,7.787635695422068e-05,0.10000000149011612
97.08051061630249,351,693,,,,,,-3.599357843399048,0.0006411363137885928,0.10000000149011612
97.33084106445312,352,695,,,,,,0.42847222089767456,0.0005775443860329688,0.10000000149011612
97.58710741996765,353,697,,,,,,2.442767858505249,0.0003427132323849946,0.10000000149011612
97.84642839431763,354,699,,,,,,-7.626529216766357,0.0004833316779695451,0.10000000149011612
98.10524320602417,355,700,,,,,,-3.837047576904297,0.0001920318609336391,0.10000000149011612
98.3555736541748,356,702,,,,,,-3.7747747898101807,0.00019589514704421163,0.10000000149011612
98.61089062690735,357,704,,,,,,0.2217598557472229,0.00023964099818840623,0.10000000149011612
98.8617262840271,358,706,,,,,,2.4155232906341553,0.00023354239237960428,0.10000000149011612
99.09862351417542,359,706,,,,,,-4.146340370178223,0.00011940897820750251,0.10000000149011612
99.21132206916809,360,710,,,,,,-2.486292839050293,0.0009852133225649595,0.10000000149011612
99.4606544971466,361,710,,,,,,-1.8960777521133423,8.17164036561735e-05,0.10000000149011612
99.54943704605103,362,714,,,,,,2.5809454917907715,0.0007025513332337141,0.10000000149011612
99.79576230049133,363,716,,,,,,-0.20898953080177307,0.00029565495788119733,0.10000000149011612
100.04959464073181,364,718,,,,,,4.405175685882568,0.0002547152107581496,0.10000000149011612
100.30291724205017,365,719,,,,,,2.0912768840789795,0.00016976111510302871,0.10000000149011612
100.5602285861969,366,722,,,,,,1.7942333221435547,9.577718446962535e-05,0.10000000149011612
100.80957579612732,367,724,,,,,,7.535816192626953,0.00045688642421737313,0.10000000149011612
101.0605161190033,368,724,,,,,,1.4176170825958252,0.00020633717940654606,0.10000000149011612
101.31733560562134,369,726,,,,,,0.28113916516304016,0.00010682648280635476,0.10000000149011612
101.58860945701599,370,728,,,,,,-2.38592791557312,0.00022744244779460132,0.10000000149011612
101.84891366958618,371,730,,,,,,2.6449697017669678,0.0001052320803864859,0.10000000149011612
102.10224938392639,372,732,,,,,,-4.611238956451416,0.000422352779423818,0.10000000149011612
102.34561252593994,373,733,,,,,,-2.289433479309082,0.00015429382619913667,0.10000000149011612
102.5899589061737,374,736,,,,,,-3.3817718029022217,0.00029958225786685944,0.10000000149011612
102.84427857398987,375,738,,,,,,-1.501950979232788,0.0001578945229994133,0.10000000149011612
103.0886402130127,376,741,,,,,,-10.322020530700684,0.000636698619928211,0.10000000149011612
103.34103345870972,377,743,,,,,,-4.662959098815918,0.0011893968330696225,0.10000000149011612
103.60632419586182,378,745,,,,,,-1.5520566701889038,9.430025238543749e-05,0.10000000149011612
103.86770939826965,379,747,,,,,,-6.134506702423096,0.001415097271092236,0.10000000149011612
104.12330389022827,380,748,,,,,,1.6889281272888184,0.00019217633234802634,0.10000000149011612
104.38012385368347,381,750,,,,,,1.73235023021698,0.00020440357911866158,0.10000000149011612
104.63344597816467,382,752,,,,,,-0.8497252464294434,0.0001013488436001353,0.10000000149011612
104.89175534248352,383,754,,,,,,-1.0407507419586182,7.586868014186621e-05,0.10000000149011612
105.1465814113617,384,755,,,,,,1.6961815357208252,0.0004491660511121154,0.10000000149011612
105.39703392982483,385,757,,,,,,-8.745823860168457,0.0010502873919904232,0.10000000149011612
105.65833473205566,386,758,,,,,,-3.440894842147827,0.000380595593014732,0.10000000149011612
105.9039843082428,387,760,,,,,,5.36331844329834,0.0010191843612119555,0.10000000149011612
106.16015481948853,388,763,,,,,,4.3920369148254395,0.0006924925255589187,0.10000000149011612
106.40600633621216,389,766,,,,,,-1.1246156692504883,0.0006928409566171467,0.10000000149011612
106.66431546211243,390,767,,,,,,4.091776371002197,0.00023184761812444776,0.10000000149011612
106.8568000793457,391,771,,,,,,2.1317203044891357,0.0011003440013155341,0.10000000149011612
107.10734152793884,392,772,,,,,,3.9247329235076904,0.0004917081096209586,0.10000000149011612
107.28537464141846,393,776,,,,,,3.1843340396881104,0.0006341699045151472,0.10000000149011612
107.54136085510254,394,777,,,,,,2.39796781539917,0.0003531399997882545,0.10000000149011612
107.78770136833191,395,779,,,,,,5.594280242919922,0.0003421189321670681,0.10000000149011612
108.04700756072998,396,781,,,,,,0.16025935113430023,0.00020049279555678368,0.10000000149011612
108.29835200309753,397,783,,,,,,-6.863734722137451,0.0013629257446154952,0.10000000149011612
108.55018758773804,398,786,,,,,,3.0130724906921387,0.00018108462973032147,0.10000000149011612
108.8074996471405,399,787,,,,,,1.12788987159729,0.000254486920312047,0.10000000149011612
109.05184531211853,400,790,,,,,,-3.6073410511016846,0.0004667491011787206,0.10000000149011612
111.50842452049255,401,790,,0.8492473304271698,0.022878913137840552,0.8124861121177673,0.8806615471839905,6.608817100524902,0.0006349956966005266,0.10000000149011612
111.65890455245972,402,794,,,,,,0.21015043556690216,0.0006617031758651137,0.10000000149011612
111.91323947906494,403,795,,,,,,-4.509448528289795,0.0004090604488737881,0.10000000149011612
112.17006039619446,404,797,,,,,,-10.114357948303223,0.0012893483508378267,0.10000000149011612
112.42537689208984,405,799,,,,,,-7.564359664916992,0.0005921004922129214,0.10000000149011612
112.6348168849945,406,803,,,,,,4.32636833190918,0.0008742661448195577,0.10000000149011612
112.88913631439209,407,806,,,,,,-1.0983070135116577,0.0005000976962037385,0.10000000149011612
113.14744520187378,408,807,,,,,,0.5123449563980103,5.973274164716713e-05,0.10000000149011612
113.38540315628052,409,810,,,,,,-2.7221193313598633,0.00017871623276732862,0.10000000149011612
113.64470934867859,410,812,,,,,,2.7131025791168213,0.00015696726040914655,0.10000000149011612
113.89505505561829,411,814,,,,,,-3.5898818969726562,0.00037049208185635507,0.10000000149011612
114.14739441871643,412,815,,,,,,3.258545398712158,0.00016147499263752252,0.10000000149011612
114.39723467826843,413,817,,,,,,1.7151278257369995,0.000267165363766253,0.10000000149011612
114.53785872459412,414,821,,,,,,12.090065002441406,0.0024368094746023417,0.10000000149011612
114.7911810874939,415,822,,,,,,4.631893634796143,0.0001700545835774392,0.10000000149011612
115.05148458480835,416,824,,,,,,2.308288097381592,0.00014109000039752573,0.10000000149011612
115.31229424476624,417,826,,,,,,2.090658664703369,0.00018613156862556934,0.10000000149011612
115.57126569747925,418,827,,,,,,3.411496639251709,0.00014264584751799703,0.10000000149011612
115.83307313919067,419,830,,,,,,-1.316148042678833,0.00021203330834396183,0.10000000149011612
116.07143521308899,420,833,,,,,,-3.731701612472534,0.00033000652911141515,0.10000000149011612
116.32476091384888,421,836,,,,,,-9.327188491821289,0.0009323838166892529,0.10000000149011612
116.5719907283783,422,838,,,,,,-1.906428337097168,0.0005089209880679846,0.10000000149011612
116.83530163764954,423,840,,,,,,0.1035749539732933,0.00020042099640704691,0.10000000149011612
117.07516837120056,424,840,,,,,,5.97105073928833,0.0006975987926125526,0.10000000149011612
117.3195149898529,425,843,,,,,,-2.08528208732605,0.0005291130510158837,0.10000000149011612
117.57682633399963,426,844,,,,,,-5.809392929077148,0.0006474958499893546,0.10000000149011612
117.83314061164856,427,846,,,,,,-2.05187726020813,0.00023504011915065348,0.10000000149011612
118.08047866821289,428,848,,,,,,1.3774415254592896,0.00022909740800969303,0.10000000149011612
118.23207354545593,429,852,,,,,,-4.075623989105225,0.0007196046062745154,0.10000000149011612
118.48338413238525,430,853,,,,,,-6.547418117523193,0.00025450196699239314,0.10000000149011612
118.73120927810669,431,854,,,,,,3.608832836151123,0.00020573061192408204,0.10000000149011612
118.99151229858398,432,857,,,,,,-0.23818068206310272,0.0003767141606658697,0.10000000149011612
119.24899888038635,433,860,,,,,,10.642597198486328,0.0015045518521219492,0.10000000149011612
119.4963526725769,434,860,,,,,,4.968903541564941,0.0002288185787620023,0.10000000149011612
119.73422288894653,435,864,,,,,,2.437950611114502,0.0008759396150708199,0.10000000149011612
119.99253153800964,436,865,,,,,,8.725757598876953,0.00044427785906009376,0.10000000149011612
120.25183820724487,437,867,,,,,,-0.27841606736183167,8.614219404989854e-05,0.10000000149011612
120.50815296173096,438,869,,,,,,-3.642993688583374,0.00040506335790269077,0.10000000149011612
120.7655622959137,439,871,,,,,,-1.4841958284378052,0.000390475062886253,0.10000000149011612
121.01249122619629,440,874,,,,,,-3.870163679122925,0.0003291305329184979,0.10000000149011612
121.28676128387451,441,876,,,,,,-2.5918524265289307,0.0015310602029785514,0.10000000149011612
121.56303787231445,442,878,,,,,,-4.440281867980957,0.0003429999924264848,0.10000000149011612
121.82185339927673,443,879,,,,,,-3.0750250816345215,0.0002781278162728995,0.10000000149011612
122.08814096450806,444,881,,,,,,-2.4362988471984863,0.00039142687455751,0.10000000149011612
122.35043978691101,445,883,,,,,,2.542862892150879,0.00031435125856660306,0.10000000149011612
122.60426878929138,446,886,,,,,,6.1969990730285645,0.001317886053584516,0.10000000149011612
122.86367702484131,447,888,,,,,,1.0572303533554077,0.0006495628040283918,0.10000000149011612
123.11161065101624,448,890,,,,,,-9.490595817565918,0.0012171948328614235,0.10000000149011612
123.3629379272461,449,891,,,,,,-0.4972173571586609,5.32940321136266e-05,0.10000000149011612
123.62325692176819,450,894,,,,,,2.7903988361358643,0.0002393777685938403,0.10000000149011612
123.88256311416626,451,896,,,,,,-0.7175208330154419,0.00010291922080796212,0.10000000149011612
124.13089871406555,452,898,,,,,,-8.457408905029297,0.0005050376639701426,0.10000000149011612
124.37025880813599,453,900,,,,,,3.095130205154419,0.0006199392955750227,0.10000000149011612
124.62059235572815,454,902,,,,,,0.3001614809036255,4.7779602027731016e-05,0.10000000149011612
124.88348507881165,455,904,,,,,,-2.559732437133789,0.00015791923215147108,0.10000000149011612
125.1195957660675,456,907,,,,,,-4.388929843902588,0.00023302230692934245,0.10000000149011612
125.38203549385071,457,908,,,,,,-5.934388637542725,0.000311380805214867,0.10000000149011612
125.63836526870728,458,910,,,,,,-5.536835193634033,0.0004910393618047237,0.10000000149011612
125.90465259552002,459,912,,,,,,-3.775521755218506,0.0006540324538946152,0.10000000149011612
126.15199089050293,460,913,,,,,,2.176790714263916,9.316279465565458e-05,0.10000000149011612
126.40730834007263,461,916,,,,,,-1.0524969100952148,0.0004771882959175855,0.10000000149011612
126.66849660873413,462,918,,,,,,6.541443347930908,0.0008158852579072118,0.10000000149011612
126.92593312263489,463,919,,,,,,8.314003944396973,0.0004145784769207239,0.10000000149011612
127.18224740028381,464,921,,,,,,4.9708428382873535,0.00022964223171584308,0.10000000149011612
127.44255065917969,465,922,,,,,,-1.9532612562179565,0.0003410440986044705,0.10000000149011612
127.69489002227783,466,925,,,,,,3.3745031356811523,0.0003483972104731947,0.10000000149011612
127.95919752120972,467,927,,,,,,0.08242235332727432,0.00048353360034525394,0.10000000149011612
128.21003460884094,468,928,,,,,,-3.9485929012298584,0.00016678670363035053,0.10000000149011612
128.469340801239,469,931,,,,,,-1.3415868282318115,0.0003932280815206468,0.10000000149011612
128.73163890838623,470,933,,,,,,-4.595012664794922,0.0004942615632899106,0.10000000149011612
128.99743628501892,471,934,,,,,,-3.4817471504211426,0.00018330586317460984,0.10000000149011612
129.2538447380066,472,937,,,,,,-0.6512443423271179,0.0008772062137722969,0.10000000149011612
129.52013206481934,473,939,,,,,,-3.2478508949279785,0.0005562519072555006,0.10000000149011612
129.77531552314758,474,941,,,,,,-4.5768141746521,0.0003057912108488381,0.10000000149011612
130.03264164924622,475,942,,,,,,2.304982900619507,0.00031677496735937893,0.10000000149011612
130.28498101234436,476,945,,,,,,4.229095458984375,0.0009984206408262253,0.10000000149011612
130.52834486961365,477,945,,,,,,2.241751194000244,0.00015935819828882813,0.10000000149011612
130.76920866966248,478,948,,,,,,7.390058517456055,0.00045722592039965093,0.10000000149011612
131.02602767944336,479,950,,,,,,1.24021315574646,0.00029239532887004316,0.10000000149011612
131.28832626342773,480,952,,,,,,-0.4841528534889221,0.0003769329923670739,0.10000000149011612
131.55062437057495,481,954,,,,,,4.644298553466797,0.0004376097349449992,0.10000000149011612
131.82240509986877,482,957,,,,,,0.12179265916347504,0.0002995489921886474,0.10000000149011612
132.06691026687622,483,959,,,,,,2.3240463733673096,0.0005035778158344328,0.10000000149011612
132.31025981903076,484,961,,,,,,3.3885529041290283,0.00030207191593945026,0.10000000149011612
132.58053612709045,485,964,,,,,,3.598252296447754,0.0005108924233354628,0.10000000149011612
132.8389446735382,486,966,,,,,,2.8427910804748535,0.00044630764750763774,0.10000000149011612
133.1002595424652,487,969,,,,,,-0.7633368372917175,0.0004544008697848767,0.10000000149011612
133.3525846004486,488,970,,,,,,1.114415168762207,0.00018483374151401222,0.10000000149011612
133.60889887809753,489,972,,,,,,-0.9474964737892151,0.00013160504749976099,0.10000000149011612
133.87019968032837,490,974,,,,,,-0.31199729442596436,0.00041930945008061826,0.10000000149011612
134.11454701423645,491,975,,,,,,-4.491064548492432,0.0007372627733275294,0.10000000149011612
134.3699300289154,492,978,,,,,,-7.239583492279053,0.0004303939058445394,0.10000000149011612
134.62524700164795,493,980,,,,,,-6.023598670959473,0.0003447275375947356,0.10000000149011612
134.8905372619629,494,981,,,,,,-3.5771822929382324,0.00029203490703366697,0.10000000149011612
135.14408016204834,495,983,,,,,,-1.6637097597122192,0.00017762910283636302,0.10000000149011612
135.40090084075928,496,986,,,,,,-0.22985507547855377,0.0007788540096953511,0.10000000149011612
135.65422344207764,497,988,,,,,,-0.6603437662124634,0.0003827597538474947,0.10000000149011612
135.919513463974,498,990,,,,,,0.2823696732521057,0.0008641441818326712,0.10000000149011612
136.14172458648682,499,994,,,,,,-9.594176292419434,0.0009170125122182071,0.10000000149011612
136.3920543193817,500,995,,,,,,3.8853838443756104,0.0003934839041903615,0.10000000149011612
139.99301481246948,501,997,,0.8662721037864685,0.03319467782003734,0.8226609230041504,0.9362762570381165,1.3558785915374756,0.0005847241263836622,0.10000000149011612
140.2174141407013,502,999,,,,,,1.2351206541061401,0.0001204938962473534,0.10000000149011612
140.44181370735168,503,1002,,,,,,-2.4977197647094727,0.00013781074085272849,0.10000000149011612
140.66322207450867,504,1002,,,,,,-1.4428218603134155,6.552667764481157e-05,0.10000000149011612
140.8569552898407,505,1006,,,,,,15.263745307922363,0.0021434156224131584,0.10000000149011612
141.08310103416443,506,1008,,,,,,7.954015254974365,0.0006150873377919197,0.10000000149011612
141.3020224571228,507,1012,,,,,,14.204010009765625,0.0017534135840833187,0.10000000149011612
141.52442693710327,508,1012,,,,,,4.745522499084473,0.0002327929687453434,0.10000000149011612
141.74281764030457,509,1015,,,,,,3.255851984024048,0.00015190416888799518,0.10000000149011612
141.9791853427887,510,1016,,,,,,2.8306519985198975,0.00036810501478612423,0.10000000149011612
142.2060854434967,511,1018,,,,,,-1.4866269826889038,0.0013149646110832691,0.10000000149011612
142.43896865844727,512,1020,,,,,,-1.3961814641952515,0.00048365804832428694,0.10000000149011612
142.6613736152649,513,1021,,,,,,-3.158569574356079,0.0002658488228917122,0.10000000149011612
142.88577342033386,514,1023,,,,,,-1.6585735082626343,0.0009175463346764445,0.10000000149011612
143.1131649017334,515,1025,,,,,,1.0279046297073364,0.0003002166631631553,0.10000000149011612
143.3435480594635,516,1027,,,,,,-6.258531093597412,0.00042054877849295735,0.10000000149011612
143.56994342803955,517,1028,,,,,,-2.867671251296997,0.0009617413743399084,0.10000000149011612
143.81129717826843,518,1031,,,,,,-5.7798871994018555,0.0012273035245016217,0.10000000149011612
144.0466673374176,519,1032,,,,,,0.669406533241272,5.1979703130200505e-05,0.10000000149011612
144.2700834274292,520,1036,,,,,,-5.162997245788574,0.0007924355450086296,0.10000000149011612
144.49199748039246,521,1039,,,,,,-1.8668086528778076,0.00043889693915843964,0.10000000149011612
144.74232840538025,522,1040,,,,,,-4.705127716064453,0.0002559655986260623,0.10000000149011612
144.98068976402283,523,1041,,,,,,-0.3215390741825104,0.00019412273832131177,0.10000000149011612
145.20409226417542,524,1045,,,,,,-6.157322406768799,0.0006885933107696474,0.10000000149011612
145.4370357990265,525,1045,,,,,,-5.417123317718506,0.0005813668831251562,0.10000000149011612
145.6714084148407,526,1047,,,,,,5.050692081451416,0.0003247241547796875,0.10000000149011612
145.90786743164062,527,1049,,,,,,8.118432998657227,0.0005629034712910652,0.10000000149011612
146.1462435722351,528,1052,,,,,,5.344949245452881,0.0006492586107924581,0.10000000149011612
146.36565685272217,529,1055,,,,,,5.347164630889893,0.0005502085550688207,0.10000000149011612
146.60501646995544,530,1057,,,,,,1.3561269044876099,0.00014879244554322213,0.10000000149011612
146.85335230827332,531,1059,,,,,,8.399998664855957,0.0008580405847169459,0.10000000149011612
147.0852391719818,532,1060,,,,,,-1.367426872253418,0.0004995338968001306,0.10000000149011612
147.31566333770752,533,1062,,,,,,-1.3949013948440552,0.0001503940438851714,0.10000000149011612
147.56100630760193,534,1064,,,,,,-0.8305200934410095,0.00033786450512707233,0.10000000149011612
147.79638648033142,535,1066,,,,,,-6.257137775421143,0.00029092765180394053,0.10000000149011612
148.03576183319092,536,1068,,,,,,0.6837950348854065,0.00017465463315602392,0.10000000149011612
148.26615977287292,537,1070,,,,,,-8.452618598937988,0.00039039767580106854,0.10000000149011612
148.5000410079956,538,1072,,,,,,1.5091904401779175,0.0002526202879380435,0.10000000149011612
148.73940086364746,539,1075,,,,,,2.7271459102630615,0.00027029032935388386,0.10000000149011612
148.97576904296875,540,1077,,,,,,9.713038444519043,0.0005908024031668901,0.10000000149011612
149.20914459228516,541,1077,,,,,,-5.3375749588012695,0.0003194756282027811,0.10000000149011612
149.4574797153473,542,1080,,,,,,-1.0984324216842651,7.818637095624581e-05,0.10000000149011612
149.71149516105652,543,1081,,,,,,-1.5184286832809448,0.0002817678323481232,0.10000000149011612
149.96631479263306,544,1082,,,,,,-5.985677242279053,0.0006347207236103714,0.10000000149011612
150.2226436138153,545,1084,,,,,,-0.07183725386857986,0.00015217356849461794,0.10000000149011612
150.46800255775452,546,1086,,,,,,5.080140113830566,0.0004610097676049918,0.10000000149011612
150.7118580341339,547,1087,,,,,,1.8327021598815918,0.00013831001706421375,0.10000000149011612
150.95121717453003,548,1090,,,,,,-0.9603023529052734,0.00017672852845862508,0.10000000149011612
151.19855546951294,549,1091,,,,,,-4.8625969886779785,0.0005911626503802836,0.10000000149011612
151.47432827949524,550,1092,,,,,,-0.004679339472204447,0.0003179076302330941,0.10000000149011612
151.63789105415344,551,1096,,,,,,-7.729179382324219,0.0019235176732763648,0.10000000149011612
151.88481640815735,552,1097,,,,,,8.862485885620117,0.0005903703276999295,0.10000000149011612
152.11420273780823,553,1100,,,,,,0.5733029246330261,9.790209878701717e-05,0.10000000149011612
152.35757899284363,554,1101,,,,,,7.899383068084717,0.0006251398008316755,0.10000000149011612
152.57800340652466,555,1105,,,,,,-1.7255456447601318,9.031853551277891e-05,0.10000000149011612
152.82882976531982,556,1106,,,,,,5.2560296058654785,0.0003345440491102636,0.10000000149011612
153.06720542907715,557,1109,,,,,,5.687955856323242,0.0004956087796017528,0.10000000149011612
153.31853318214417,558,1111,,,,,,7.725944519042969,0.0008917024242691696,0.10000000149011612
153.55789399147034,559,1112,,,,,,-11.9266996383667,0.0011331785935908556,0.10000000149011612
153.81021785736084,560,1115,,,,,,-0.67514967918396,0.0002522696158848703,0.10000000149011612
154.05556106567383,561,1118,,,,,,-1.9005731344223022,0.00019233037892263383,0.10000000149011612
154.29864120483398,562,1119,,,,,,-3.66005802154541,0.0004902224754914641,0.10000000149011612
154.54398465156555,563,1122,,,,,,-6.714946269989014,0.0006934704724699259,0.10000000149011612
154.80118083953857,564,1124,,,,,,2.6513707637786865,0.0014976869570091367,0.10000000149011612
155.0485382080078,565,1125,,,,,,-0.08583450317382812,0.0002615531557239592,0.10000000149011612
155.2759439945221,566,1129,,,,,,0.7394087910652161,0.0019234622595831752,0.10000000149011612
155.51580929756165,567,1131,,,,,,-2.9483578205108643,0.00034515149309299886,0.10000000149011612
155.77711033821106,568,1133,,,,,,0.4486800730228424,0.00012198630429338664,0.10000000149011612
156.02744030952454,569,1135,,,,,,1.6796176433563232,0.00017078120436053723,0.10000000149011612
156.26181316375732,570,1137,,,,,,-9.203332901000977,0.0014320574700832367,0.10000000149011612
156.51114654541016,571,1139,,,,,,2.8252220153808594,0.00029263633769005537,0.10000000149011612
156.75924277305603,572,1141,,,,,,3.953054904937744,0.0004419076722115278,0.10000000149011612
156.99977922439575,573,1143,,,,,,1.0066206455230713,0.0010674131335690618,0.10000000149011612
157.24713134765625,574,1146,,,,,,5.93679141998291,0.0005848079454153776,0.10000000149011612
157.50444293022156,575,1147,,,,,,2.7987945079803467,0.0003125597722828388,0.10000000149011612
157.7428057193756,576,1148,,,,,,-3.947140693664551,0.0006052467506378889,0.10000000149011612
157.99612760543823,577,1151,,,,,,-0.57581627368927,0.0001797611766960472,0.10000000149011612
158.24104499816895,578,1153,,,,,,-7.242310047149658,0.002379754791036248,0.10000000149011612
158.49098873138428,579,1154,,,,,,-5.180685043334961,0.0004284254973754287,0.10000000149011612
158.74630641937256,580,1155,,,,,,6.715236663818359,0.0006057319114916027,0.10000000149011612
158.99269151687622,581,1158,,,,,,-0.7469292879104614,0.0010796397691592574,0.10000000149011612
159.24403357505798,582,1159,,,,,,-0.7904427647590637,0.0001554183691041544,0.10000000149011612
159.49786114692688,583,1161,,,,,,2.4149937629699707,0.00013395729183685035,0.10000000149011612
159.71328473091125,584,1165,,,,,,-4.768176555633545,0.0014661342138424516,0.10000000149011612
159.96361541748047,585,1166,,,,,,2.228872299194336,0.00038291639066301286,0.10000000149011612
160.19898557662964,586,1169,,,,,,2.3507518768310547,0.00032450686558149755,0.10000000149011612
160.44936537742615,587,1171,,,,,,0.8348461985588074,0.00016360395238734782,0.10000000149011612
160.67844605445862,588,1173,,,,,,-4.0565714836120605,0.00019897967285942286,0.10000000149011612
160.93176817893982,589,1176,,,,,,5.779359340667725,0.0011399987852200866,0.10000000149011612
161.18759059906006,590,1178,,,,,,2.98404860496521,0.000562201370485127,0.10000000149011612
161.44192457199097,591,1179,,,,,,2.9039011001586914,0.00042543772724457085,0.10000000149011612
161.70672488212585,592,1182,,,,,,0.9630982875823975,0.0005413684993982315,0.10000000149011612
161.95107102394104,593,1185,,,,,,0.5840922594070435,9.363488061353564e-05,0.10000000149011612
162.20339608192444,594,1187,,,,,,4.224935531616211,0.00019346924091223627,0.10000000149011612
162.4517319202423,595,1188,,,,,,4.99959135055542,0.00039129203651100397,0.10000000149011612
162.61928391456604,596,1192,,,,,,2.3889307975769043,0.0005421075620688498,0.10000000149011612
162.87317299842834,597,1193,,,,,,1.8757182359695435,0.0003876265254803002,0.10000000149011612
163.1192762851715,598,1195,,,,,,-3.8774850368499756,0.00027819338720291853,0.10000000149011612
163.3710207939148,599,1198,,,,,,-4.876123905181885,0.0007101505761966109,0.10000000149011612
163.61137795448303,600,1199,,,,,,-4.5095438957214355,0.0006843723822385073,0.10000000149011612
167.549067735672,601,1202,,0.8994014620780945,0.023161500601821407,0.8560649156570435,0.9280145168304443,-4.952537536621094,0.0006560806068591774,0.10000000149011612
167.80039525032043,602,1202,,,,,,0.8644174337387085,0.0001326695637544617,0.10000000149011612
168.05472421646118,603,1204,,,,,,-1.0025355815887451,0.00027433951618149877,0.10000000149011612
168.32550597190857,604,1207,,,,,,-9.499581336975098,0.0017249161610379815,0.10000000149011612
168.5728440284729,605,1209,,,,,,5.472319602966309,0.0002491185732651502,0.10000000149011612
168.81918501853943,606,1210,,,,,,1.6803901195526123,6.688087160000578e-05,0.10000000149011612
169.08298587799072,607,1213,,,,,,3.844229221343994,0.00029967876616865396,0.10000000149011612
169.33046436309814,608,1215,,,,,,11.509549140930176,0.0006532585248351097,0.10000000149011612
169.56882643699646,609,1218,,,,,,1.4704924821853638,0.0004714864189736545,0.10000000149011612
169.83312034606934,610,1220,,,,,,1.0220080614089966,0.0009492847020737827,0.10000000149011612
170.08446216583252,611,1221,,,,,,0.3321865499019623,0.00021581383771263063,0.10000000149011612
170.3298213481903,612,1224,,,,,,-0.14751219749450684,0.00031518709147349,0.10000000149011612
170.58564472198486,613,1225,,,,,,1.253501296043396,0.0004844529030378908,0.10000000149011612
170.84295558929443,614,1227,,,,,,-1.5942589044570923,7.708948396611959e-05,0.10000000149011612
171.10625219345093,615,1228,,,,,,-6.824974060058594,0.0010273181833326817,0.10000000149011612
171.3686327934265,616,1231,,,,,,-2.7276315689086914,0.00031621300149708986,0.10000000149011612
171.6204161643982,617,1232,,,,,,3.3508780002593994,0.0002578150015324354,0.10000000149011612
171.8757336139679,618,1234,,,,,,5.469290256500244,0.00037567398976534605,0.10000000149011612
172.13404273986816,619,1236,,,,,,2.1916182041168213,0.00010184002894675359,0.10000000149011612
172.386381149292,620,1237,,,,,,-2.4655990600585938,0.00040913966950029135,0.10000000149011612
172.6347315311432,621,1239,,,,,,2.9684908390045166,0.00012028263154206797,0.10000000149011612
172.89753556251526,622,1241,,,,,,-0.4993346929550171,0.0006890216027386487,0.10000000149011612
173.1438763141632,623,1242,,,,,,-1.9053856134414673,0.00045220297761261463,0.10000000149011612
173.39320993423462,624,1244,,,,,,-3.5337026119232178,0.0005065436707809567,0.10000000149011612
173.63905906677246,625,1246,,,,,,0.7584196329116821,0.0003195154422428459,0.10000000149011612
173.89347624778748,626,1248,,,,,,5.7359137535095215,0.0005591746885329485,0.10000000149011612
174.1517848968506,627,1249,,,,,,3.693019390106201,0.0003070700622629374,0.10000000149011612
174.40242314338684,628,1251,,,,,,-5.4580607414245605,0.0002237067383248359,0.10000000149011612
174.6547610759735,629,1253,,,,,,0.7624920010566711,0.00024489982752129436,0.10000000149011612
174.9075927734375,630,1255,,,,,,-7.430563926696777,0.0011506779119372368,0.10000000149011612
175.14994359016418,631,1257,,,,,,1.835461139678955,0.0006773326313123107,0.10000000149011612
175.40226864814758,632,1259,,,,,,-1.6680699586868286,0.0004192611377220601,0.10000000149011612
175.64014101028442,633,1260,,,,,,-17.047983169555664,0.0019366705091670156,0.10000000149011612
175.8981649875641,634,1262,,,,,,1.1601582765579224,0.0004366929642856121,0.10000000149011612
176.15747165679932,635,1265,,,,,,2.7672009468078613,0.0007506291731260717,0.10000000149011612
176.40775108337402,636,1267,,,,,,0.38447096943855286,0.00044899448403157294,0.10000000149011612
176.65559577941895,637,1269,,,,,,0.2986067533493042,0.00027495803078636527,0.10000000149011612
176.9119246006012,638,1271,,,,,,2.830793619155884,0.00014506580191664398,0.10000000149011612
177.1552734375,639,1274,,,,,,2.7433321475982666,0.0006481800228357315,0.10000000149011612
177.4175717830658,640,1276,,,,,,3.6619410514831543,0.00031546715763397515,0.10000000149011612
177.6738862991333,641,1278,,,,,,2.207681179046631,0.00021308098803274333,0.10000000149011612
177.93817901611328,642,1279,,,,,,0.8343984484672546,0.00019113687449134886,0.10000000149011612
178.18771266937256,643,1280,,,,,,6.199324607849121,0.0003365962766110897,0.10000000149011612
178.43904089927673,644,1283,,,,,,-0.9829310774803162,0.00037158766645006835,0.10000000149011612
178.67740273475647,645,1286,,,,,,-5.119147300720215,0.00041737474384717643,0.10000000149011612
178.93772292137146,646,1289,,,,,,-5.616117000579834,0.0005705488729290664,0.10000000149011612
179.18855953216553,647,1292,,,,,,-2.0137996673583984,0.00033673326834104955,0.10000000149011612
179.43689560890198,648,1294,,,,,,-1.3593660593032837,0.0006905084592290223,0.10000000149011612
179.68622875213623,649,1296,,,,,,-2.4155282974243164,0.00032313333940692246,0.10000000149011612
179.93687343597412,650,1299,,,,,,-0.2657688856124878,0.0004951812443323433,0.10000000149011612
180.19233465194702,651,1299,,,,,,-9.142824172973633,0.0008165386389009655,0.10000000149011612
180.43269181251526,652,1302,,,,,,-7.4905195236206055,0.0006311936886049807,0.10000000149011612
180.68602013587952,653,1305,,,,,,-4.5529913902282715,0.0003549295652192086,0.10000000149011612
180.9473361968994,654,1305,,,,,,0.3621458113193512,9.47528169490397e-05,0.10000000149011612
181.19069981575012,655,1308,,,,,,6.973123550415039,0.0004744842299260199,0.10000000149011612
181.44951510429382,656,1310,,,,,,6.552801132202148,0.0004755854606628418,0.10000000149011612
181.74173307418823,657,1313,,,,,,-2.462773561477661,0.0015430260682478547,0.10000000149011612
181.98707675933838,658,1313,,,,,,-2.3252482414245605,0.0004185326106380671,0.10000000149011612
182.20349740982056,659,1317,,,,,,6.484642028808594,0.0009389976039528847,0.10000000149011612
182.46080946922302,660,1318,,,,,,2.833477020263672,0.0003179654886480421,0.10000000149011612
182.71598386764526,661,1321,,,,,,6.626156806945801,0.0005787285626865923,0.10000000149011612
182.9683084487915,662,1322,,,,,,8.549015998840332,0.0006578313186764717,0.10000000149011612
183.20318746566772,663,1326,,,,,,1.2742891311645508,0.00012449790665414184,0.10000000149011612
183.45153760910034,664,1327,,,,,,2.7347729206085205,0.0002919088874477893,0.10000000149011612
183.70188403129578,665,1329,,,,,,-1.0074607133865356,0.00015701973461546004,0.10000000149011612
183.9577076435089,666,1332,,,,,,-11.024720191955566,0.0009614899754524231,0.10000000149011612
184.21601676940918,667,1334,,,,,,-2.0679070949554443,9.159505134448409e-05,0.10000000149011612
184.4713339805603,668,1335,,,,,,-5.874379634857178,0.0007320009754039347,0.10000000149011612
184.72764825820923,669,1338,,,,,,1.1767103672027588,9.760109969647601e-05,0.10000000149011612
184.9790759086609,670,1341,,,,,,3.290163993835449,0.0003748991002794355,0.10000000149011612
185.23408102989197,671,1342,,,,,,2.038372278213501,0.0003256571653764695,0.10000000149011612
185.46995639801025,672,1346,,,,,,-5.33819055557251,0.0011991048231720924,0.10000000149011612
185.72229623794556,673,1347,,,,,,5.930824279785156,0.0002632147807162255,0.10000000149011612
185.9806191921234,674,1349,,,,,,-0.05232824385166168,0.00041137912194244564,0.10000000149011612
186.23245286941528,675,1352,,,,,,-0.2755865752696991,0.0002771141298580915,0.10000000149011612
186.48278379440308,676,1352,,,,,,0.31051772832870483,5.1694947615033016e-05,0.10000000149011612
186.6862392425537,677,1356,,,,,,2.0024354457855225,0.00032322778133675456,0.10000000149011612
186.94155645370483,678,1357,,,,,,1.668532371520996,0.00018500805890653282,0.10000000149011612
187.20186018943787,679,1360,,,,,,-4.893306732177734,0.0008075479418039322,0.10000000149011612
187.4350814819336,680,1362,,,,,,1.8877230882644653,0.0002867991861421615,0.10000000149011612
187.69638228416443,681,1364,,,,,,-0.6241745352745056,0.0004059133352711797,0.10000000149011612
187.95619249343872,682,1365,,,,,,-1.9439783096313477,0.00018240514327771962,0.10000000149011612
188.20553970336914,683,1367,,,,,,-0.20537443459033966,0.00017367475084029138,0.10000000149011612
188.4618694782257,684,1368,,,,,,-0.2965535819530487,0.000141522687044926,0.10000000149011612
188.7151918411255,685,1369,,,,,,-3.1411895751953125,0.00030334218172356486,0.10000000149011612
188.9814794063568,686,1371,,,,,,5.3314948081970215,0.00039952516090124846,0.10000000149011612
189.23280692100525,687,1374,,,,,,-2.708425998687744,0.0005185569170862436,0.10000000149011612
189.47139286994934,688,1374,,,,,,2.283780097961426,0.0003631648432929069,0.10000000149011612
189.7192361354828,689,1377,,,,,,1.2853587865829468,0.00020385805692058057,0.10000000149011612
189.97519636154175,690,1378,,,,,,3.6607606410980225,0.0004220551927573979,0.10000000149011612
190.2249734401703,691,1381,,,,,,-0.12976354360580444,0.00010798547009471804,0.10000000149011612
190.4723265171051,692,1384,,,,,,-2.964108943939209,0.0015099125448614359,0.10000000149011612
190.72765803337097,693,1386,,,,,,9.473676681518555,0.0005729612312279642,0.10000000149011612
190.98347997665405,694,1387,,,,,,3.1816256046295166,0.00029572946368716657,0.10000000149011612
191.22782635688782,695,1390,,,,,,3.9544475078582764,0.0002447528822813183,0.10000000149011612
191.48015141487122,696,1392,,,,,,-3.923046827316284,0.00020418457279447466,0.10000000149011612
191.72150588035583,697,1394,,,,,,-7.417304515838623,0.00043346299207769334,0.10000000149011612
191.97582602500916,698,1396,,,,,,-7.1923933029174805,0.00047414362779818475,0.10000000149011612
192.23946404457092,699,1398,,,,,,1.4103213548660278,0.00023349538969341666,0.10000000149011612
192.4957778453827,700,1400,,,,,,-9.314237594604492,0.0005278823664411902,0.10000000149011612
195.6689293384552,701,1403,,0.9021586835384369,0.020963235332010628,0.8751772046089172,0.9275310635566711,-0.4548526704311371,0.00012196977331768721,0.10000000149011612
195.92324948310852,702,1404,,,,,,-6.800840854644775,0.000724943820387125,0.10000000149011612
196.1880486011505,703,1406,,,,,,-2.97119140625,0.0002475374494679272,0.10000000149011612
196.4463713169098,704,1407,,,,,,-5.830384731292725,0.00018962334434036165,0.10000000149011612
196.70369744300842,705,1409,,,,,,-1.6383857727050781,0.00029372054268606007,0.10000000149011612
196.95752620697021,706,1411,,,,,,0.7455741763114929,0.00023946870351210237,0.10000000149011612
197.2188274860382,707,1413,,,,,,1.275787353515625,0.0014055497013032436,0.10000000149011612
197.46815991401672,708,1414,,,,,,7.645960807800293,0.0006370137562043965,0.10000000149011612
197.71849060058594,709,1417,,,,,,5.330752372741699,0.0006160986376926303,0.10000000149011612
197.97403693199158,710,1419,,,,,,7.744897365570068,0.0009131280821748078,0.10000000149011612
198.21292281150818,711,1422,,,,,,13.59396743774414,0.0009226794936694205,0.10000000149011612
198.47606492042542,712,1423,,,,,,9.483115196228027,0.0010251537896692753,0.10000000149011612
198.7224199771881,713,1426,,,,,,-2.6114535331726074,0.0006490866653621197,0.10000000149011612
198.97475934028625,714,1428,,,,,,6.89486026763916,0.0004423036298248917,0.10000000149011612
199.22608709335327,715,1431,,,,,,-3.8557302951812744,0.0010292695369571447,0.10000000149011612
199.48738813400269,716,1433,,,,,,-8.050736427307129,0.000592745200265199,0.10000000149011612
199.7387158870697,717,1435,,,,,,-3.288119077682495,0.00031707435846328735,0.10000000149011612
200.00075960159302,718,1437,,,,,,-3.8166699409484863,0.0003759043465834111,0.10000000149011612
200.25577402114868,719,1438,,,,,,-3.4547343254089355,0.00032655856921337545,0.10000000149011612
200.4891495704651,720,1442,,,,,,-2.899704933166504,0.00038660410791635513,0.10000000149011612
200.74946904182434,721,1444,,,,,,-4.8622846603393555,0.0003606381651479751,0.10000000149011612
201.00030541419983,722,1445,,,,,,-6.649768352508545,0.0004832762642763555,0.10000000149011612
201.25961136817932,723,1448,,,,,,-4.929943561553955,0.0007222581189125776,0.10000000149011612
201.51293396949768,724,1451,,,,,,-3.859560012817383,0.00021752390603069216,0.10000000149011612
201.77124285697937,725,1454,,,,,,-2.8049838542938232,0.0003737080260179937,0.10000000149011612
202.01972556114197,726,1454,,,,,,-10.176578521728516,0.0005528836045414209,0.10000000149011612
202.27450966835022,727,1457,,,,,,2.1978776454925537,0.0003636761393863708,0.10000000149011612
202.53880143165588,728,1458,,,,,,6.524806022644043,0.0003381932037882507,0.10000000149011612
202.77418684959412,729,1460,,,,,,1.777108073234558,0.000317773170536384,0.10000000149011612
203.0305151939392,730,1461,,,,,,0.44309696555137634,4.98151894134935e-05,0.10000000149011612
203.30129671096802,731,1464,,,,,,4.552451133728027,0.000935977092012763,0.10000000149011612
203.55262446403503,732,1466,,,,,,4.221033096313477,0.00028352212393656373,0.10000000149011612
203.79348707199097,733,1469,,,,,,9.79391098022461,0.0008384704124182463,0.10000000149011612
204.04486322402954,734,1470,,,,,,1.2947566509246826,0.00014891009777784348,0.10000000149011612
204.2937614917755,735,1472,,,,,,3.06986141204834,0.000482294854009524,0.10000000149011612
204.54211807250977,736,1473,,,,,,3.0600128173828125,0.0001548519794596359,0.10000000149011612
204.79545497894287,737,1475,,,,,,2.146359443664551,0.00014731807459611446,0.10000000149011612
205.05825877189636,738,1477,,,,,,-1.4349617958068848,0.00018463889136910439,0.10000000149011612
205.317565202713,739,1477,,,,,,5.517746448516846,0.00021044217282906175,0.10000000149011612
205.57886624336243,740,1480,,,,,,-0.0978531688451767,0.0005203359178267419,0.10000000149011612
205.82471561431885,741,1482,,,,,,3.4733622074127197,0.0002704995858948678,0.10000000149011612
206.082106590271,742,1484,,,,,,-3.485323667526245,0.00020082935225218534,0.10000000149011612
206.33842134475708,743,1486,,,,,,-0.6545206308364868,0.00047555507626384497,0.10000000149011612
206.58583426475525,744,1488,,,,,,-1.948836326599121,0.00011395588080631569,0.10000000149011612
206.84316182136536,745,1490,,,,,,2.964247465133667,0.00021338928490877151,0.10000000149011612
207.1004889011383,746,1491,,,,,,3.856452226638794,0.00045486187445931137,0.10000000149011612
207.35232281684875,747,1493,,,,,,-3.1042091846466064,0.0004094220348633826,0.10000000149011612
207.60863709449768,748,1495,,,,,,-4.319378852844238,0.000418408919358626,0.10000000149011612
207.85896730422974,749,1498,,,,,,-5.957427501678467,0.0008315632585436106,0.10000000149011612
208.11080074310303,750,1500,,,,,,-5.306332111358643,0.000303346459986642,0.10000000149011612
208.36023569107056,751,1502,,,,,,-0.4291374981403351,7.101807568687946e-05,0.10000000149011612
208.6155526638031,752,1504,,,,,,1.2867448329925537,0.00017637884593568742,0.10000000149011612
208.85989904403687,753,1506,,,,,,-0.7253010272979736,7.586365973111242e-05,0.10000000149011612
209.11922025680542,754,1508,,,,,,0.21331021189689636,0.00028688478050753474,0.10000000149011612
209.37156009674072,755,1510,,,,,,-0.14036905765533447,0.00014838720380794257,0.10000000149011612
209.60843324661255,756,1513,,,,,,-0.21270132064819336,0.0009840012062340975,0.10000000149011612
209.84779238700867,757,1516,,,,,,0.309941828250885,0.000316001707687974,0.10000000149011612
210.1180694103241,758,1518,,,,,,0.09480031579732895,0.000355499389115721,0.10000000149011612
210.38435745239258,759,1519,,,,,,-1.7100690603256226,0.0002237379812868312,0.10000000149011612
210.63867664337158,760,1521,,,,,,3.4629199504852295,0.00033942173467949033,0.10000000149011612
210.8152048587799,761,1525,,,,,,-6.498722076416016,0.001480282749980688,0.10000000149011612
211.0695242881775,762,1527,,,,,,0.9788928627967834,0.00046347000170499086,0.10000000149011612
211.32583808898926,763,1528,,,,,,2.6418960094451904,0.00022007942607160658,0.10000000149011612
211.57230019569397,764,1531,,,,,,2.6849141120910645,0.0006327162263914943,0.10000000149011612
211.8715159893036,765,1533,,,,,,5.359195232391357,0.0006592776626348495,0.10000000149011612
212.12235236167908,766,1535,,,,,,-3.061187505722046,0.00015377765521407127,0.10000000149011612
212.3836531639099,767,1536,,,,,,0.8492923974990845,0.0003748334420379251,0.10000000149011612
212.63697504997253,768,1538,,,,,,-3.155662775039673,0.0004938830970786512,0.10000000149011612
212.88846445083618,769,1539,,,,,,-8.092923164367676,0.0008334904559887946,0.10000000149011612
213.14190459251404,770,1540,,,,,,-1.9707533121109009,0.00013446973753161728,0.10000000149011612
213.39875411987305,771,1543,,,,,,-0.07531668990850449,0.0001242957659997046,0.10000000149011612
213.64894771575928,772,1545,,,,,,3.2952215671539307,0.0002435818751109764,0.10000000149011612
213.89547729492188,773,1547,,,,,,2.0898613929748535,0.00020573062647599727,0.10000000149011612
214.15528893470764,774,1550,,,,,,5.42241907119751,0.0013610766036435962,0.10000000149011612
214.39863801002502,775,1551,,,,,,1.3948925733566284,0.00012807750317733735,0.10000000149011612
214.64896845817566,776,1554,,,,,,-2.826763153076172,0.00019262578280176967,0.10000000149011612
214.89431166648865,777,1554,,,,,,1.5602821111679077,0.00010171561007155105,0.10000000149011612
215.15162420272827,778,1557,,,,,,2.8507988452911377,0.00012184416846139356,0.10000000149011612
215.39896202087402,779,1560,,,,,,2.1625118255615234,0.00042503271833993495,0.10000000149011612
215.65228414535522,780,1561,,,,,,0.4120829403400421,0.0001229638874065131,0.10000000149011612
215.9071102142334,781,1564,,,,,,-4.585430145263672,0.0004391478723846376,0.10000000149011612
216.17341232299805,782,1566,,,,,,-2.419904947280884,0.0001008811013889499,0.10000000149011612
216.42624235153198,783,1568,,,,,,5.9204301834106445,0.0004931204603053629,0.10000000149011612
216.6875433921814,784,1570,,,,,,4.157975673675537,0.000434069283073768,0.10000000149011612
216.94485473632812,785,1572,,,,,,5.364684581756592,0.000292409211397171,0.10000000149011612
217.20283007621765,786,1573,,,,,,-0.08897597342729568,0.0004981592646799982,0.10000000149011612
217.45824241638184,787,1575,,,,,,2.5092122554779053,0.0002962482685688883,0.10000000149011612
217.70159149169922,788,1578,,,,,,0.5786145329475403,0.000802864320576191,0.10000000149011612
217.95291876792908,789,1579,,,,,,5.008083343505859,0.0003636772744357586,0.10000000149011612
218.2102448940277,790,1581,,,,,,4.415112495422363,0.00029615178937092423,0.10000000149011612
218.46258449554443,791,1584,,,,,,-5.656027793884277,0.0006973007693886757,0.10000000149011612
218.71092009544373,792,1587,,,,,,-8.913421630859375,0.001337740570306778,0.10000000149011612
218.96224761009216,793,1588,,,,,,-0.15893568098545074,0.0003267387510277331,0.10000000149011612
219.21457266807556,794,1589,,,,,,2.068479299545288,0.00011046362487832084,0.10000000149011612
219.47687077522278,795,1592,,,,,,-7.578215599060059,0.001057339715771377,0.10000000149011612
219.71833276748657,796,1593,,,,,,-4.264613151550293,0.00023507530568167567,0.10000000149011612
219.96467399597168,797,1595,,,,,,0.4058069884777069,0.0002759160124696791,0.10000000149011612
220.22796988487244,798,1597,,,,,,-1.650651216506958,0.00027089001378044486,0.10000000149011612
220.47632098197937,799,1598,,,,,,-3.3268606662750244,0.00026805209927260876,0.10000000149011612
220.7391242980957,800,1601,,,,,,0.8992254137992859,0.001385726616717875,0.10000000149011612
223.29595518112183,801,1603,,0.9004218637943268,0.026081340154285187,0.8579082489013672,0.9327728152275085,8.0397310256958,0.0005317777977325022,0.10000000149011612
223.55578303337097,802,1604,,,,,,7.200030326843262,0.0004987737047486007,0.10000000149011612
223.8059504032135,803,1607,,,,,,5.082485675811768,0.0006288700387813151,0.10000000149011612
224.0592873096466,804,1610,,,,,,4.646543502807617,0.00043381855357438326,0.10000000149011612
224.31710481643677,805,1611,,,,,,-3.8027169704437256,0.0005533366929739714,0.10000000149011612
224.5714247226715,806,1612,,,,,,-3.853867530822754,0.00026651067310012877,0.10000000149011612
224.82973384857178,807,1615,,,,,,5.71176290512085,0.001694776932708919,0.10000000149011612
225.07358860969543,808,1616,,,,,,-4.170284271240234,0.00015617086319252849,0.10000000149011612
225.29399824142456,809,1620,,,,,,-0.3132072687149048,0.0010236946400254965,0.10000000149011612
225.5454216003418,810,1620,,,,,,-6.376442909240723,0.00018541609460953623,0.10000000149011612
225.78079175949097,811,1623,,,,,,1.1705790758132935,0.0003380501875653863,0.10000000149011612
226.0312843322754,812,1626,,,,,,-3.6014461517333984,0.0005752529250457883,0.10000000149011612
226.29160332679749,813,1627,,,,,,0.15453216433525085,0.00015603027713950723,0.10000000149011612
226.54293084144592,814,1628,,,,,,-3.1429221630096436,0.00011575091048143804,0.10000000149011612
226.69253087043762,815,1632,,,,,,1.8844809532165527,0.0005754110752604902,0.10000000149011612
226.93189024925232,816,1633,,,,,,3.630584716796875,0.00023626255278941244,0.10000000149011612
227.0595486164093,817,1637,,,,,,-1.1912742853164673,0.0007906528771854937,0.10000000149011612
227.32043409347534,818,1638,,,,,,3.5705130100250244,0.0004606650327332318,0.10000000149011612
227.58124351501465,819,1640,,,,,,4.206794738769531,0.0006510956445708871,0.10000000149011612
227.83356833457947,820,1642,,,,,,4.738539218902588,0.0004381529288366437,0.10000000149011612
228.08718466758728,821,1644,,,,,,-0.15964673459529877,0.00015269762661773711,0.10000000149011612
228.3415184020996,822,1645,,,,,,-3.1704468727111816,0.0001577672956045717,0.10000000149011612
228.59284567832947,823,1648,,,,,,-0.17560605704784393,0.0003566601953934878,0.10000000149011612
228.84616804122925,824,1650,,,,,,0.7986339926719666,9.880330617306754e-05,0.10000000149011612
229.1014850139618,825,1652,,,,,,0.012908538803458214,4.42693562945351e-05,0.10000000149011612
229.34682869911194,826,1655,,,,,,-4.466701984405518,0.00036452410859055817,0.10000000149011612
229.58073329925537,827,1657,,,,,,2.190023899078369,0.0005493194330483675,0.10000000149011612
229.84103679656982,828,1659,,,,,,1.287085771560669,0.00020012837194371969,0.10000000149011612
230.08190035820007,829,1662,,,,,,-3.133978843688965,0.0002177196874981746,0.10000000149011612
230.333242893219,830,1664,,,,,,-5.079957962036133,0.0005809179856441915,0.10000000149011612
230.5990388393402,831,1665,,,,,,-2.3065900802612305,0.00012119110760977492,0.10000000149011612
230.84837245941162,832,1666,,,,,,1.2121130228042603,0.00010189318709308282,0.10000000149011612
231.11665415763855,833,1669,,,,,,-1.7109591960906982,0.00031878965091891587,0.10000000149011612
231.36649370193481,834,1670,,,,,,-8.976058959960938,0.0016510983696207404,0.10000000149011612
231.57643961906433,835,1674,,,,,,-0.8963761925697327,0.00022572549642063677,0.10000000149011612
231.83026766777039,836,1676,,,,,,1.5170217752456665,0.0001046026372932829,0.10000000149011612
232.08259296417236,837,1678,,,,,,-4.388169765472412,0.0004199415852781385,0.10000000149011612
232.3399465084076,838,1680,,,,,,0.42446303367614746,3.6019708204548806e-05,0.10000000149011612
232.58829474449158,839,1683,,,,,,6.086228370666504,0.0003966721415054053,0.10000000149011612
232.85209679603577,840,1685,,,,,,-3.541788339614868,0.000804820389021188,0.10000000149011612
233.10142946243286,841,1687,,,,,,0.460014671087265,0.00019361625891178846,0.10000000149011612
233.35973858833313,842,1690,,,,,,1.5555951595306396,0.00038889292045496404,0.10000000149011612
233.60957789421082,843,1691,,,,,,3.3870277404785156,0.00022451581025961787,0.10000000149011612
233.85841989517212,844,1694,,,,,,5.719098091125488,0.0009180268971249461,0.10000000149011612
234.11751246452332,845,1695,,,,,,0.73184734582901,9.787367162061855e-05,0.10000000149011612
234.372731924057,846,1697,,,,,,-0.6390500664710999,6.884056347189471e-05,0.10000000149011612
234.63604259490967,847,1700,,,,,,0.48413825035095215,0.00013530056457966566,0.10000000149011612
234.882399559021,848,1701,,,,,,-1.5924144983291626,0.0005834120674990118,0.10000000149011612
235.1362280845642,849,1702,,,,,,1.0954512357711792,4.038947372464463e-05,0.10000000149011612
235.39653205871582,850,1705,,,,,,5.5490007400512695,0.0006311364122666419,0.10000000149011612
235.65085101127625,851,1706,,,,,,1.8686600923538208,0.00012637146573979408,0.10000000149011612
235.91115498542786,852,1708,,,,,,-5.132139682769775,0.0003171790449414402,0.10000000149011612
236.16647243499756,853,1709,,,,,,-6.743039131164551,0.0004896306782029569,0.10000000149011612
236.4173882007599,854,1711,,,,,,0.7866376042366028,0.00034649253939278424,0.10000000149011612
236.68068432807922,855,1713,,,,,,1.4872944355010986,0.00012213902664370835,0.10000000149011612
236.93033504486084,856,1716,,,,,,2.7362561225891113,0.0001457080797990784,0.10000000149011612
237.18416380882263,857,1718,,,,,,-6.185845375061035,0.0013223306741565466,0.10000000149011612
237.4454641342163,858,1721,,,,,,0.5288230180740356,0.0006201505311764777,0.10000000149011612
237.70277571678162,859,1723,,,,,,-2.6912267208099365,0.000631957605946809,0.10000000149011612
237.95111227035522,860,1725,,,,,,3.5344512462615967,0.00013049138942733407,0.10000000149011612
238.20642924308777,861,1727,,,,,,3.4439005851745605,0.000263234629528597,0.10000000149011612
238.45641136169434,862,1728,,,,,,-5.7354936599731445,0.00038977889926172793,0.10000000149011612
238.71771216392517,863,1731,,,,,,-1.121232032775879,0.0002858852094504982,0.10000000149011612
238.97304439544678,864,1732,,,,,,2.1365199089050293,0.0002691764384508133,0.10000000149011612
239.21541118621826,865,1733,,,,,,2.5087087154388428,0.00012344068090897053,0.10000000149011612
239.47622060775757,866,1736,,,,,,-1.8622117042541504,0.00032729009399190545,0.10000000149011612
239.7315375804901,867,1736,,,,,,-2.070361375808716,9.131117985816672e-05,0.10000000149011612
239.988849401474,868,1738,,,,,,-0.31795600056648254,6.0516318626469e-05,0.10000000149011612
240.24210333824158,869,1741,,,,,,-0.5874255895614624,0.00026956183137372136,0.10000000149011612
240.49542570114136,870,1741,,,,,,-4.044216156005859,8.9808258053381e-05,0.10000000149011612
240.73835515975952,871,1745,,,,,,5.581399440765381,0.0008551516802981496,0.10000000149011612
240.98569130897522,872,1747,,,,,,4.943607807159424,0.0004259934357833117,0.10000000149011612
241.24949407577515,873,1749,,,,,,-4.204360485076904,0.0005770308780483902,0.10000000149011612
241.4939239025116,874,1751,,,,,,-0.5190787315368652,0.00033631917904131114,0.10000000149011612
241.68841743469238,875,1755,,,,,,-3.397258996963501,0.00038478171336464584,0.10000000149011612
241.98562288284302,876,1756,,,,,,2.426417827606201,0.0005829616566188633,0.10000000149011612
242.23395824432373,877,1759,,,,,,-0.1552123725414276,6.811297498643398e-05,0.10000000149011612
242.49625611305237,878,1761,,,,,,-0.8109080791473389,0.00014378772175405174,0.10000000149011612
242.74310445785522,879,1763,,,,,,5.380993366241455,0.00043663117685355246,0.10000000149011612
243.00440549850464,880,1764,,,,,,1.065311074256897,9.60562247200869e-05,0.10000000149011612
243.25737261772156,881,1766,,,,,,-1.907557725906372,0.0002265968214487657,0.10000000149011612
243.50398707389832,882,1768,,,,,,0.5745184421539307,0.00010729028144851327,0.10000000149011612
243.76430583000183,883,1770,,,,,,-0.010883050039410591,0.00010377982107456774,0.10000000149011612
244.00716519355774,884,1773,,,,,,-1.6142350435256958,0.00038699107244610786,0.10000000149011612
244.25450372695923,885,1776,,,,,,2.5940616130828857,0.00024251949798781425,0.10000000149011612
244.51181554794312,886,1778,,,,,,0.9797302484512329,0.00023164978483691812,0.10000000149011612
244.7711215019226,887,1779,,,,,,0.8166067004203796,0.0001808248198358342,0.10000000149011612
245.01896691322327,888,1782,,,,,,-0.9353258013725281,0.0003075123531743884,0.10000000149011612
245.27609038352966,889,1784,,,,,,10.077704429626465,0.000882789317984134,0.10000000149011612
245.52941226959229,890,1785,,,,,,-1.4175711870193481,0.00014499013195745647,0.10000000149011612
245.79964590072632,891,1787,,,,,,1.6625779867172241,0.00022843145416118205,0.10000000149011612
246.0440857410431,892,1788,,,,,,-2.149468183517456,0.00021021635620854795,0.10000000149011612
246.3024091720581,893,1790,,,,,,0.539466381072998,8.859557419782504e-05,0.10000000149011612
246.55074501037598,894,1793,,,,,,-2.759272575378418,0.00036601704778149724,0.10000000149011612
246.7990801334381,895,1795,,,,,,-1.3887736797332764,0.00021122705948073417,0.10000000149011612
247.05240297317505,896,1798,,,,,,-6.699695110321045,0.0004038241459056735,0.10000000149011612
247.29532670974731,897,1801,,,,,,-7.191375732421875,0.0005448031006380916,0.10000000149011612
247.54416847229004,898,1804,,,,,,-2.4710381031036377,0.00044008708209730685,0.10000000149011612
247.7885148525238,899,1804,,,,,,1.2385791540145874,0.00018483436724636704,0.10000000149011612
248.04323387145996,900,1807,,,,,,-1.8201568126678467,0.0004071455041412264,0.10000000149011612
251.44559955596924,901,1809,,0.8794912874698639,0.013816262107698443,0.853127121925354,0.9015278220176697,-1.5096838474273682,0.00014684202324133366,0.10000000149011612
251.6759831905365,902,1809,,,,,,-2.350634813308716,0.00015665932733099908,0.10000000149011612
251.90237736701965,903,1812,,,,,,-1.6945388317108154,0.00013864190259482712,0.10000000149011612
252.12677717208862,904,1813,,,,,,0.8094436526298523,0.00030237770988605917,0.10000000149011612
252.3531711101532,905,1815,,,,,,7.989645004272461,0.0007080621435306966,0.10000000149011612
252.57856845855713,906,1817,,,,,,5.710521697998047,0.0007670193444937468,0.10000000149011612
252.8060655593872,907,1820,,,,,,10.357062339782715,0.0011897661024704576,0.10000000149011612
253.02150464057922,908,1821,,,,,,-1.678796648979187,0.0001241191930603236,0.10000000149011612
253.20401668548584,909,1825,,,,,,1.3996751308441162,9.284976840717718e-05,0.10000000149011612
253.43240547180176,910,1827,,,,,,1.1659659147262573,0.00013655026850756258,0.10000000149011612
253.6597969532013,911,1829,,,,,,2.233377695083618,0.0002518680412322283,0.10000000149011612
253.88519382476807,912,1831,,,,,,-4.894854545593262,0.00027132421382702887,0.10000000149011612
254.10112309455872,913,1833,,,,,,-0.6073086261749268,6.339522951748222e-05,0.10000000149011612
254.33449864387512,914,1836,,,,,,-2.933420419692993,0.000337578501785174,0.10000000149011612
254.55547094345093,915,1838,,,,,,-3.181532382965088,0.0002137499541277066,0.10000000149011612
254.78585481643677,916,1840,,,,,,-1.2916018962860107,7.966473640408367e-05,0.10000000149011612
255.00927019119263,917,1842,,,,,,-0.7151115536689758,9.86510785878636e-05,0.10000000149011612
255.2461440563202,918,1845,,,,,,-4.3440399169921875,0.0007481988286599517,0.10000000149011612
255.47154116630554,919,1847,,,,,,1.6325210332870483,0.0004937712219543755,0.10000000149011612
255.70391941070557,920,1850,,,,,,2.2872138023376465,0.0001658095425227657,0.10000000149011612
255.9194459915161,921,1850,,,,,,1.8082247972488403,0.00031100676278583705,0.10000000149011612
256.1383662223816,922,1853,,,,,,0.7101379036903381,0.00011711757542798296,0.10000000149011612
256.3687710762024,923,1854,,,,,,-1.279795527458191,0.0004706482868641615,0.10000000149011612
256.5831973552704,924,1855,,,,,,-1.1324741840362549,0.0001604012941243127,0.10000000149011612
256.69689321517944,925,1859,,,,,,-1.5183264017105103,0.00016686494927853346,0.10000000149011612
256.91929864883423,926,1859,,,,,,-1.708265781402588,0.00054092489881441,0.10000000149011612
257.14021372795105,927,1860,,,,,,3.243454933166504,0.000133899346110411,0.10000000149011612
257.37808442115784,928,1863,,,,,,4.541317462921143,0.001066233846358955,0.10000000149011612
257.5999982357025,929,1863,,,,,,4.585174083709717,0.00012221300858072937,0.10000000149011612
257.8234007358551,930,1865,,,,,,-3.7897911071777344,0.00020684437185991555,0.10000000149011612
258.04979515075684,931,1867,,,,,,-0.9941121339797974,0.00022824853658676147,0.10000000149011612
258.2821731567383,932,1870,,,,,,6.268947124481201,0.0004913671873509884,0.10000000149011612
258.5121748447418,933,1871,,,,,,2.3622186183929443,0.00010782948811538517,0.10000000149011612
258.7395622730255,934,1874,,,,,,6.123448371887207,0.00036511331563815475,0.10000000149011612
258.96447825431824,935,1876,,,,,,-8.25252628326416,0.0004759937583003193,0.10000000149011612
259.1948618888855,936,1878,,,,,,0.2740063965320587,0.00022884790087118745,0.10000000149011612
259.42924976348877,937,1881,,,,,,-0.09388120472431183,0.00040704073035158217,0.10000000149011612
259.6646201610565,938,1884,,,,,,-1.2302192449569702,0.00018087751232087612,0.10000000149011612
259.8950033187866,939,1885,,,,,,-5.647763729095459,0.0003676805936265737,0.10000000149011612
260.12139773368835,940,1886,,,,,,-18.164304733276367,0.001162566477432847,0.10000000149011612
260.36061334609985,941,1889,,,,,,0.22581170499324799,0.00010514831228647381,0.10000000149011612
260.5999732017517,942,1891,,,,,,-3.491950750350952,0.0003594481968320906,0.10000000149011612
260.82836174964905,943,1893,,,,,,5.371405124664307,0.00031122920336201787,0.10000000149011612
261.05874586105347,944,1895,,,,,,7.395725250244141,0.0008580099674873054,0.10000000149011612
261.2841567993164,945,1897,,,,,,6.051515102386475,0.00041710020741447806,0.10000000149011612
261.5090618133545,946,1901,,,,,,-1.594916582107544,0.00025344526511617005,0.10000000149011612
261.7120258808136,947,1905,,,,,,-1.4674712419509888,0.0007177591323852539,0.10000000149011612
261.9503884315491,948,1906,,,,,,5.3303022384643555,0.0001840598415583372,0.10000000149011612
262.1827664375305,949,1909,,,,,,1.9725531339645386,0.0001801003236323595,0.10000000149011612
262.4291079044342,950,1912,,,,,,1.1040432453155518,0.0002816476335283369,0.10000000149011612
262.6644778251648,951,1913,,,,,,3.006943464279175,0.00010673336510080844,0.10000000149011612
262.9058327674866,952,1916,,,,,,-3.8064682483673096,0.0001637642999412492,0.10000000149011612
263.1377830505371,953,1917,,,,,,-1.749527096748352,0.00010154910705750808,0.10000000149011612
263.36916422843933,954,1920,,,,,,1.9253778457641602,0.0007941944641061127,0.10000000149011612
263.60852432250977,955,1923,,,,,,-4.419527053833008,0.0003777725505642593,0.10000000149011612
263.84378600120544,956,1926,,,,,,-5.287010669708252,0.0003379398549441248,0.10000000149011612
264.07518005371094,957,1926,,,,,,-0.19221974909305573,0.00012421570136211812,0.10000000149011612
264.3080656528473,958,1929,,,,,,-7.118098258972168,0.0006306317518465221,0.10000000149011612
264.56038999557495,959,1931,,,,,,-4.519235610961914,0.00038471355219371617,0.10000000149011612
264.7967576980591,960,1932,,,,,,2.657803535461426,0.00014536434900946915,0.10000000149011612
265.04110383987427,961,1935,,,,,,1.1777678728103638,0.00046929996460676193,0.10000000149011612
265.26463294029236,962,1936,,,,,,-1.0999555587768555,0.0002552697842475027,0.10000000149011612
265.46823740005493,963,1940,,,,,,6.972815036773682,0.001021478557959199,0.10000000149011612
265.70560240745544,964,1942,,,,,,4.490684986114502,0.0005153617821633816,0.10000000149011612
265.94247555732727,965,1943,,,,,,0.5230993032455444,5.947461613686755e-05,0.10000000149011612
266.1838448047638,966,1946,,,,,,1.2839674949645996,0.0005467365845106542,0.10000000149011612
266.4222242832184,967,1946,,,,,,-0.04518301039934158,0.00012387442984618247,0.10000000149011612
266.6590976715088,968,1947,,,,,,-1.4274020195007324,0.00013222898996900767,0.10000000149011612
266.74985432624817,969,1951,,,,,,-4.11241340637207,0.0010283507872372866,0.10000000149011612
266.98422718048096,970,1952,,,,,,0.4387582540512085,0.00038770688115619123,0.10000000149011612
267.2285737991333,971,1954,,,,,,-2.0564024448394775,0.00015565281501039863,0.10000000149011612
267.4799017906189,972,1955,,,,,,-2.149977922439575,0.00011769992852350697,0.10000000149011612
267.72025847435,973,1957,,,,,,-0.4863630533218384,0.0006120548932813108,0.10000000149011612
267.9622256755829,974,1959,,,,,,1.8827282190322876,0.00020136640523560345,0.10000000149011612
268.1995904445648,975,1962,,,,,,-1.220016360282898,0.0003787214809563011,0.10000000149011612
268.4399619102478,976,1963,,,,,,-0.3550724685192108,0.00039281597128137946,0.10000000149011612
268.6788296699524,977,1965,,,,,,2.277808427810669,0.0003070959937758744,0.10000000149011612
268.87929368019104,978,1969,,,,,,1.330554485321045,0.0005185076151974499,0.10000000149011612
269.1136665344238,979,1969,,,,,,-3.140925884246826,0.00023713264090474695,0.10000000149011612
269.3470423221588,980,1969,,,,,,0.13092227280139923,5.9064706874778494e-05,0.10000000149011612
269.4557511806488,981,1973,,,,,,3.57088565826416,0.0009874757379293442,0.10000000149011612
269.70149183273315,982,1974,,,,,,-2.4289870262145996,0.00019382708705961704,0.10000000149011612
269.9400463104248,983,1974,,,,,,3.6560659408569336,0.00010596990614430979,0.10000000149011612
270.0517475605011,984,1978,,,,,,0.08592280745506287,0.000584023364353925,0.10000000149011612
270.30215072631836,985,1979,,,,,,2.573030948638916,0.0003297282673884183,0.10000000149011612
270.55847907066345,986,1981,,,,,,4.6857123374938965,0.000520471774507314,0.10000000149011612
270.80091643333435,987,1984,,,,,,0.9268761873245239,0.0008006312418729067,0.10000000149011612
271.03579592704773,988,1986,,,,,,-1.5113239288330078,0.0005528272013179958,0.10000000149011612
271.2891182899475,989,1989,,,,,,-3.9222605228424072,0.0006286882562562823,0.10000000149011612
271.5334644317627,990,1990,,,,,,-3.549534320831299,0.0006974957068450749,0.10000000149011612
271.78031063079834,991,1992,,,,,,1.5668487548828125,0.0003986216615885496,0.10000000149011612
272.06867003440857,992,1994,,,,,,-1.0404760837554932,0.0004913755692541599,0.10000000149011612
272.3120186328888,993,1997,,,,,,0.688459575176239,0.00023601140128448606,0.10000000149011612
272.57232332229614,994,1998,,,,,,-0.3813372850418091,7.36188012524508e-05,0.10000000149011612
272.8226673603058,995,2000,,,,,,-0.16268301010131836,0.00020087035954929888,0.10000000149011612
273.0730118751526,996,2002,,,,,,-1.4534578323364258,0.00034722074633464217,0.10000000149011612
273.31786608695984,997,2004,,,,,,-0.27141404151916504,0.00021642546926159412,0.10000000149011612
273.5761749744415,998,2007,,,,,,-1.7710824012756348,0.00023173214867711067,0.10000000149011612
273.83248949050903,999,2008,,,,,,-5.296841621398926,0.00023255840642377734,0.10000000149011612
274.08581161499023,1000,2010,,,,,,-1.6665689945220947,0.00016381651221308857,0.10000000149011612
276.69257140159607,1001,2012,,0.8584444224834442,0.03192298604755959,0.7969832420349121,0.9060384631156921,-1.3919631242752075,0.0003265006234869361,0.10000000149011612
