step,training reward,validation reward,loss policy,loss critic,epsisode length
31,-100.10806246225548,16.393915974651733,-600.6548461914062,3.09738826751709,31
223,-81.81638807493073,16.393915974651733,-11056.79296875,0.582390308380127,192
248,-100.08990626416926,16.393915974651733,-502.4951171875,3.237426280975342,25
734,-41.06465897344515,16.393915974651733,-19309.44140625,0.1730554699897766,486
769,-97.34181575739058,16.393915974651733,-813.9876708984375,2.0450122356414795,35
791,-100.0645898504481,16.393915974651733,-202.41627502441406,2.921311378479004,22
821,-100.11182585078768,16.393915974651733,-660.0520629882812,2.7600831985473633,30
932,-100.44605709443931,16.393915974651733,-5862.03125,1.1467894315719604,111
1007,-100.29873474588385,16.393915974651733,-3216.37060546875,1.4337774515151978,75
1287,-76.64824938464517,16.393915974651733,-12957.4716796875,0.24296775460243225,280
1787,71.95242821780084,16.393915974651733,8101.3740234375,0.01473083533346653,500
1923,-91.21337198648689,16.393915974651733,-4414.962890625,0.28642794489860535,136
1945,-100.0672329140616,16.393915974651733,-263.961181640625,2.3421409130096436,22
1984,-97.3287725676928,16.393915974651733,-648.3573608398438,1.17974054813385,39
2028,-96.97047071391353,16.393915974651733,-801.044677734375,0.9336973428726196,44
2408,15.63492924168986,16.393915974651733,-14585.880859375,0.24455201625823975,380
2447,-100.22490909678163,16.393915974651733,-643.4047241210938,0.8581501245498657,39
2480,-100.14326740563047,16.393915974651733,-986.6764526367188,1.8823803663253784,33
2980,11.87004342059754,16.393915974651733,22601.333984375,0.057005468755960464,500
3263,-74.12018472387354,16.393915974651733,-15344.1484375,0.3203718960285187,283
3305,-97.87549471837701,16.393915974651733,-577.7601928710938,0.7416018843650818,42
3427,-87.19048501532234,16.393915974651733,-3879.06201171875,0.5801997184753418,122
3503,-100.3062615488343,16.393915974651733,-2512.9423828125,1.231488823890686,76
3539,-100.15857552113266,16.393915974651733,-485.166259765625,0.8780931830406189,36
4026,-21.70945564086037,16.393915974651733,-21091.5859375,0.2712600827217102,487
4073,-96.86524939591072,16.393915974651733,-762.1342163085938,0.6747897863388062,47
4126,-95.46579665719037,16.393915974651733,-1389.6693115234375,0.8403260111808777,53
4184,-95.45373848189774,16.393915974651733,-865.648193359375,0.6331430673599243,58
4213,-97.65900599141969,16.393915974651733,-348.2647399902344,1.2262364625930786,29
4250,-97.31221077576629,16.393915974651733,-762.9055786132812,0.9267992973327637,37
4750,18.174756628040086,16.393915974651733,27172.470703125,0.08081533014774323,500
4791,-99.71212204309268,16.393915974651733,-700.14794921875,0.677342414855957,41
4825,-96.60907508991659,16.393915974651733,-599.1620483398438,0.7283387184143066,34
4856,-100.05864443584869,16.393915974651733,-423.44354248046875,1.2725696563720703,31
5356,45.341234361721035,-98.32023940978702,21275.52734375,0.059904374182224274,500
5389,-98.5563118285645,-98.32023940978702,-413.87542724609375,0.782202422618866,33
5454,-95.39199664196713,-98.32023940978702,-1107.4239501953125,0.38234689831733704,65
5900,-86.87447294771118,-98.32023940978702,-27309.1796875,0.21411433815956116,446
6136,-88.27139110986536,-98.32023940978702,-9298.001953125,0.22494609653949738,236
6164,-97.72556963059469,-98.32023940978702,-284.64373779296875,0.6891022324562073,28
6506,-87.75503270168701,-98.32023940978702,-6851.29443359375,0.14112848043441772,342
6992,-88.83659434162291,-98.32023940978702,-14034.45703125,0.13329803943634033,486
7110,-90.11875356094606,-98.32023940978702,-2579.337890625,0.3056115508079529,118
7140,-100.11378992785467,-98.32023940978702,-561.3314208984375,1.1231776475906372,30
7215,-100.3117872457151,-98.32023940978702,-804.9535522460938,0.1803244650363922,75
7537,-82.66149837171906,-98.32023940978702,-13468.583984375,0.23134443163871765,322
8037,16.23223007096385,-98.32023940978702,-19787.642578125,0.03307158872485161,500
8537,1.0788513259349202,-98.32023940978702,16630.71484375,0.031959328800439835,500
8576,-99.84324969994486,-98.32023940978702,-422.0079650878906,0.518720269203186,39
8644,-100.05611890456021,-98.32023940978702,-1728.324951171875,0.8455472588539124,68
8802,-100.54485527876386,-98.32023940978702,-7907.09033203125,0.5244441032409668,158
8833,-100.08527239732939,-98.32023940978702,-329.53643798828125,0.7730944752693176,31
8863,-100.13219237781595,-98.32023940978702,-568.170654296875,1.093150019645691,30
9363,46.313744011139875,-98.32023940978702,27661.9921875,0.08285415172576904,500
9399,-97.74553622920939,-98.32023940978702,-544.6104125976562,0.5697273015975952,36
9456,-96.9299255045189,-98.32023940978702,-784.9495849609375,0.3708798587322235,57
9504,-98.07393643752357,-98.32023940978702,-807.11083984375,0.6941446661949158,48
10004,38.9223278963309,-97.06054083733716,28438.181640625,0.08957954496145248,500
10037,-97.6393217772711,-97.06054083733716,-432.405517578125,0.550365686416626,33
10082,-100.11788336682366,-97.06054083733716,-434.3815612792969,0.9250404238700867,45
10115,-100.16000942577375,-97.06054083733716,-254.25929260253906,0.41101327538490295,33
10615,-1.716668701726121,-97.06054083733716,16459.203125,0.04194025322794914,500
10744,-81.69315436683974,-97.06054083733716,-4253.40625,0.39664822816848755,129
10778,-97.53146892711811,-97.06054083733716,-438.37750244140625,0.45775529742240906,34
10991,-52.019190024235286,-97.06054083733716,-6597.09716796875,0.2633441090583801,213
11023,-100.14012608668418,-97.06054083733716,-441.84423828125,0.7024258971214294,32
11062,-96.6768971233978,-97.06054083733716,-430.2371520996094,0.366186261177063,39
11492,-50.71104616534467,-97.06054083733716,-16857.54296875,0.14954929053783417,430
11992,-2.020834299954913,-97.06054083733716,18244.283203125,0.04590710997581482,500
12100,-100.44337888101654,-97.06054083733716,-4241.12060546875,0.5866480469703674,108
12141,-96.89390327152796,-97.06054083733716,-526.04541015625,0.33535125851631165,41
12198,-96.93768387104501,-97.06054083733716,-668.519775390625,0.23742710053920746,57
12245,-99.85019194357665,-97.06054083733716,-627.3110961914062,0.2817882299423218,47
12745,66.33818693388366,-97.06054083733716,18685.87109375,0.03775370493531227,500
13021,-79.60913717119956,-97.06054083733716,-8621.70703125,0.16587603092193604,276
13061,-99.2515683360798,-97.06054083733716,-343.11834716796875,0.5120665431022644,40
13091,-97.10519494721666,-97.06054083733716,-188.67527770996094,0.32348620891571045,30
13123,-97.9070798458124,-97.06054083733716,-231.38296508789062,0.29768985509872437,32
13199,-100.2740497450286,-97.06054083733716,-1633.56103515625,0.5105134844779968,76
13699,32.06617599542915,-97.06054083733716,39300.51953125,0.1795213222503662,500
14067,-77.90135650052162,-97.06054083733716,-11174.744140625,0.17562904953956604,368
14162,-100.3330131012126,-97.06054083733716,-2853.086181640625,0.5781012177467346,95
14205,-96.55619608168672,-97.06054083733716,-418.9117126464844,0.2579491138458252,43
14284,-96.1984800248465,-97.06054083733716,-1113.1939697265625,0.12763726711273193,79
14784,3.41492911349269,-97.06054083733716,15080.748046875,0.028552372008562088,500
14811,-97.790809173659,-97.06054083733716,-126.73149108886719,0.14602001011371613,27
14849,-100.12643680527981,-97.06054083733716,-324.1359558105469,0.5197685956954956,38
14903,-94.39202390858554,-97.06054083733716,-674.4365844726562,0.2242211401462555,54
14937,-100.16789635043824,-97.06054083733716,-196.85556030273438,0.20761996507644653,34
15234,-18.407505449969904,-98.78197863551577,-9371.009765625,0.1660156100988388,297
15280,-100.15323088612604,-98.78197863551577,-562.1343994140625,0.4483053386211395,46
15780,-1.4311346115382548,-98.78197863551577,23638.251953125,0.05619782954454422,500
16010,-75.31397657079651,-98.78197863551577,-7468.9736328125,0.14882735908031464,230
16044,-97.63574828960554,-98.78197863551577,-161.16543579101562,0.15272772312164307,34
16091,-100.23466562658723,-98.78197863551577,-442.9743347167969,0.14432623982429504,47
16137,-95.61770842054102,-98.78197863551577,-435.7238464355469,0.2737402617931366,46
16184,-100.2656658909691,-98.78197863551577,-428.6842956542969,0.12579181790351868,47
16684,9.898282125447077,-98.78197863551577,45182.40625,0.17809468507766724,500
16742,-95.58449099054269,-98.78197863551577,-819.051025390625,0.166487455368042,58
16784,-97.32884984108387,-98.78197863551577,-486.2096252441406,0.29419583082199097,42
16818,-100.13037016843737,-98.78197863551577,-265.5554504394531,0.32476699352264404,34
16861,-100.06454484003189,-98.78197863551577,-486.71551513671875,0.3111094832420349,43
16915,-96.36955602931994,-98.78197863551577,-620.96923828125,0.3017483353614807,54
16944,-100.11835975106806,-98.78197863551577,-235.72166442871094,0.22131626307964325,29
17376,-78.69005792468397,-98.78197863551577,-1524.00390625,0.1570282280445099,432
17876,3.414752478268383,-98.78197863551577,21496.15625,0.03875464200973511,500
17937,-96.36869576359459,-98.78197863551577,-564.5903930664062,0.12390337884426117,61
18437,2.287492586485314,-98.78197863551577,42316.8125,0.14860305190086365,500
18612,-83.27596667211947,-98.78197863551577,-4290.3505859375,0.17852699756622314,175
19001,-86.65163723577098,-98.78197863551577,-4950.0673828125,0.12584051489830017,389
19047,-96.41431169069256,-98.78197863551577,-415.88958740234375,0.15503470599651337,46
19284,-75.63932986309374,-98.78197863551577,-7281.60009765625,0.15091586112976074,237
19317,-97.71934665005392,-98.78197863551577,-97.1933364868164,0.09285803139209747,33
19397,-91.63385210623528,-98.78197863551577,-1423.4873046875,0.2350209802389145,80
19502,-86.74877919289702,-98.78197863551577,-1893.1480712890625,0.19473809003829956,105
19541,-99.96557461958582,-98.78197863551577,-206.81793212890625,0.13373368978500366,39
19764,-89.40781778823839,-98.78197863551577,-8763.2138671875,0.15565288066864014,223
20264,-1.9181467720470664,-43.96131742740604,28075.291015625,0.08722730726003647,500
20305,-100.13941892907314,-43.96131742740604,-310.5034484863281,0.3107864260673523,41
20575,-60.525041662367585,-43.96131742740604,-5383.28125,0.11439794301986694,270
20617,-100.15615653549321,-43.96131742740604,-424.1793212890625,0.3397722542285919,42
20651,-97.70842059934512,-43.96131742740604,-55.758426666259766,0.09584663808345795,34
20697,-100.07347551433486,-43.96131742740604,-380.417236328125,0.11360421031713486,46
21102,-88.88270437459323,-43.96131742740604,8057.37255859375,0.1148059070110321,405
21136,-100.1134664018391,-43.96131742740604,-153.114990234375,0.16253703832626343,34
21178,-97.20568723500764,-43.96131742740604,-248.30690002441406,0.11640360206365585,42
21213,-97.95894832719932,-43.96131742740604,-119.22664642333984,0.1028122678399086,35
21713,54.93367407695041,-43.96131742740604,12792.796875,0.029686400666832924,500
21742,-100.10969003460923,-43.96131742740604,-137.22727966308594,0.15369819104671478,29
21796,-96.40815029354872,-43.96131742740604,-484.23486328125,0.11905478686094284,54
22296,-2.064156881999679,-43.96131742740604,20960.982421875,0.03266360983252525,500
22345,-97.14828118304285,-43.96131742740604,-344.90325927734375,0.10825509577989578,49
22462,-87.1154942098583,-43.96131742740604,-2085.20654296875,0.1568739265203476,117
22962,4.0758594008621,-43.96131742740604,19950.111328125,0.06786808371543884,500
23007,-97.30946414884966,-43.96131742740604,-218.859375,0.10290598124265671,45
23044,-100.14651174663231,-43.96131742740604,-215.5857696533203,0.14100497961044312,37
23544,13.164866554981018,-43.96131742740604,40495.93359375,0.11586432158946991,500
23617,-95.46921256989299,-43.96131742740604,-660.2166137695312,0.16129381954669952,73
23644,-97.80466314949444,-43.96131742740604,-127.6443099975586,0.05783609300851822,27
23712,-100.24414179945597,-43.96131742740604,-920.0912475585938,0.27070915699005127,68
23763,-97.10007612890331,-43.96131742740604,-313.01959228515625,0.08925493061542511,51
23799,-100.17414535756689,-43.96131742740604,-142.89256286621094,0.06417055428028107,36
23916,-90.2254968051966,-43.96131742740604,-1591.968017578125,0.1595250815153122,117
24416,3.7434849495366507,-43.96131742740604,27457.048828125,0.07763062417507172,500
24453,-100.19498109981487,-43.96131742740604,-133.8914031982422,0.06044412776827812,37
24953,65.93628076703044,-43.96131742740604,33201.2890625,0.12828144431114197,500
25160,-100.79630781633387,-44.40310289762558,3134.3369140625,0.03109685704112053,207
25190,-100.0738379166869,-44.40310289762558,-105.2006607055664,0.07223555445671082,30
25222,-97.33063388022128,-44.40310289762558,-22.21510887145996,0.04924503341317177,32
25260,-97.26573648920748,-44.40310289762558,-150.9525146484375,0.04609199985861778,38
25291,-97.20750089117792,-44.40310289762558,-33.34111404418945,0.046902671456336975,31
25745,-78.56759818191313,-44.40310289762558,3338.8583984375,0.08101528882980347,454
25869,-97.70927457005746,-44.40310289762558,-3317.42626953125,0.16147206723690033,124
25895,-97.68932479323121,-44.40310289762558,14.511253356933594,0.06891018152236938,26
25936,-100.1388009604998,-44.40310289762558,-212.86692810058594,0.11923892796039581,41
25974,-97.09544775384711,-44.40310289762558,-36.49847412109375,0.08343678712844849,38
26474,29.653716167547827,-44.40310289762558,28574.05078125,0.06810303032398224,500
26537,-100.14490854191536,-44.40310289762558,-652.3156127929688,0.14410746097564697,63
26622,-99.33442265613394,-44.40310289762558,-604.9852905273438,0.045529235154390335,85
26697,-96.61064325948246,-44.40310289762558,-675.3295288085938,0.054610725492239,75
26732,-96.88047067953266,-44.40310289762558,45.38450622558594,0.06834390014410019,35
27224,-92.11992955479582,-44.40310289762558,16590.61328125,0.08103784173727036,492
27263,-100.1842892035711,-44.40310289762558,-143.68960571289062,0.046796612441539764,39
27763,102.11378458057516,-44.40310289762558,30140.8671875,0.09436308592557907,500
27825,-95.8194446974594,-44.40310289762558,-422.1606750488281,0.1197950541973114,62
27953,-80.84373955323463,-44.40310289762558,-2495.69482421875,0.11269237101078033,128
28007,-95.58690239742282,-44.40310289762558,-198.17384338378906,0.07413829863071442,54
28254,-52.766029792665904,-44.40310289762558,-3935.9599609375,0.08611667901277542,247
28753,-75.13565663784539,-44.40310289762558,9861.3359375,0.0974121168255806,499
28799,-95.9662235184951,-44.40310289762558,-259.9164123535156,0.06423545628786087,46
28855,-100.08881548749923,-44.40310289762558,-257.51446533203125,0.03941857069730759,56
28900,-99.60944471067342,-44.40310289762558,-217.59173583984375,0.08052260428667068,45
28932,-100.10682548386103,-44.40310289762558,-45.06718444824219,0.045105475932359695,32
29432,8.745978281591306,-44.40310289762558,12071.076171875,0.0202733613550663,500
29522,-92.10493715457051,-44.40310289762558,-1063.96728515625,0.08995483070611954,90
29568,-96.71636854913231,-44.40310289762558,-198.16041564941406,0.0851578414440155,46
29618,-100.17177242322941,-44.40310289762558,-310.4019775390625,0.1167423352599144,50
30118,48.51789918724512,-98.7105530154713,40930.02734375,0.17267869412899017,500
30152,-100.14034159414587,-98.7105530154713,-47.79490661621094,0.02392377331852913,34
30195,-96.68903289181253,-98.7105530154713,-88.46920776367188,0.053947027772665024,43
30230,-98.4650036139501,-98.7105530154713,-51.38725280761719,0.03396553918719292,35
30281,-100.21004824151714,-98.7105530154713,-426.1730651855469,0.1382872313261032,51
30328,-100.1794452265749,-98.7105530154713,-255.45474243164062,0.1066942811012268,47
30828,-2.033886064649778,-98.7105530154713,46394.5234375,0.1409703642129898,500
30859,-100.11467568155786,-98.7105530154713,-103.6062240600586,0.06450803577899933,31
30918,-96.15144389485067,-98.7105530154713,-259.8349304199219,0.10064981132745743,59
31212,-75.16215520117112,-98.7105530154713,-1963.341552734375,0.05694568529725075,294
31242,-97.59320191269217,-98.7105530154713,109.62750244140625,0.16140216588974,30
31284,-97.03485337011261,-98.7105530154713,-22.90281867980957,0.05304493382573128,42
31365,-93.50196715464699,-98.7105530154713,-795.2081909179688,0.08780411630868912,81
31408,-96.77692307344114,-98.7105530154713,-14.490153312683105,0.05587921291589737,43
31438,-97.69410961781978,-98.7105530154713,116.69611358642578,0.08317991346120834,30
31542,-100.40001016476162,-98.7105530154713,-1692.1356201171875,0.1396315097808838,104
31609,-96.81009745168194,-98.7105530154713,-412.7161865234375,0.04275338724255562,67
31662,-96.16909523971844,-98.7105530154713,-181.75328063964844,0.04997749999165535,53
31731,-100.25934983371735,-98.7105530154713,-249.3260498046875,0.022978095337748528,69
31847,-100.43339677264976,-98.7105530154713,-2235.78662109375,0.16685238480567932,116
32347,22.03028671343145,-98.7105530154713,38539.83203125,0.1166008934378624,500
32847,42.69681600314152,-98.7105530154713,39560.53515625,0.13232168555259705,500
33289,-94.78730644102654,-98.7105530154713,18804.125,0.09118214249610901,442
33591,-89.52118704235909,-98.7105530154713,3029.856201171875,0.05182637646794319,302
33723,-100.50920630544351,-98.7105530154713,-2480.9990234375,0.1250130534172058,132
34223,-1.9512863444183495,-98.7105530154713,33647.640625,0.0978885069489479,500
34314,-94.28223810007694,-98.7105530154713,-797.758056640625,0.05083584785461426,91
34350,-97.0259059072705,-98.7105530154713,-83.96369171142578,0.03122727759182453,36
34523,-100.69943579075698,-98.7105530154713,-4018.484619140625,0.09387645870447159,173
34613,-100.39226131983742,-98.7105530154713,-291.9072570800781,0.008137906901538372,90
34639,-97.78746902806597,-98.7105530154713,70.91397857666016,0.07207109034061432,26
34683,-100.17990007100161,-98.7105530154713,-257.2492980957031,0.08517645299434662,44
34713,-100.1188536091031,-98.7105530154713,11.536038398742676,0.02762134186923504,30
34750,-97.16960336064221,-98.7105530154713,45.569061279296875,0.05045606940984726,37
34826,-93.69212396282819,-98.7105530154713,-468.0264892578125,0.06479001045227051,76
35287,-88.67670516446151,-93.63376013127845,8794.6044921875,0.03139617666602135,461
35787,23.150625576588027,-93.63376013127845,33229.3828125,0.09501288831233978,500
35850,-95.66523036346189,-93.63376013127845,-458.6277160644531,0.05925743281841278,63
36002,-96.69954833942757,-93.63376013127845,-2619.471923828125,0.07595615088939667,152
36502,-1.9203131594000524,-93.63376013127845,26288.55078125,0.11006766557693481,500
36553,-100.22913174880341,-93.63376013127845,-424.8719787597656,0.08147457242012024,51
36582,-100.10800330446978,-93.63376013127845,25.736848831176758,0.025847800076007843,29
36616,-97.0317426447582,-93.63376013127845,26.16358184814453,0.031384292989969254,34
37002,-86.62594775736306,-93.63376013127845,9669.1865234375,0.12075802683830261,386
37502,93.08994831853488,-93.63376013127845,33958.64453125,0.10001906752586365,500
37535,-100.17372940893983,-93.63376013127845,-50.872032165527344,0.018946049734950066,33
37756,-34.00564898403309,-93.63376013127845,-1228.5526123046875,0.06491396576166153,221
38256,2.289249096047115,-93.63376013127845,34304.76171875,0.12472805380821228,500
38289,-100.10113257664489,-93.63376013127845,-34.447059631347656,0.023280244320631027,33
38317,-100.1047092723602,-93.63376013127845,-3.947338342666626,0.010312601923942566,28
38354,-96.8713692612364,-93.63376013127845,35.161643981933594,0.02291247248649597,37
38413,-96.32948152499011,-93.63376013127845,-298.7948913574219,0.05150921642780304,59
38509,-92.23495348987217,-93.63376013127845,-1201.30615234375,0.060508545488119125,96
38654,-96.962043014144,-93.63376013127845,-2530.776123046875,0.078397735953331,145
38740,-94.46745022803952,-93.63376013127845,-579.1904296875,0.05936862900853157,86
38778,-96.94719886149687,-93.63376013127845,17.97479820251465,0.03779076784849167,38
38932,-99.44239783464582,-93.63376013127845,-2393.787109375,0.08490347862243652,154
38974,-100.16416417494474,-93.63376013127845,-94.60350799560547,0.025367040187120438,42
39020,-100.17607218721241,-93.63376013127845,-151.49168395996094,0.04300244152545929,46
39044,-100.08939888868827,-93.63376013127845,20.527931213378906,0.02095169574022293,24
39400,-85.36301970838758,-93.63376013127845,8026.17919921875,0.06743966042995453,356
39431,-100.11908336359193,-93.63376013127845,25.47650146484375,0.02758321538567543,31
39534,-90.55052470952069,-93.63376013127845,-758.4082641601562,0.0627664253115654,103
40034,101.00933940887262,-48.12221369864854,33499.453125,0.11883379518985748,500
40067,-100.12181385984877,-48.12221369864854,-0.06874391436576843,0.011065177619457245,33
40567,12.968732299039402,-48.12221369864854,15125.021484375,0.03615892678499222,500
41067,-0.4445755001820544,-48.12221369864854,9321.283203125,0.015105578117072582,500
41117,-100.24868175373194,-48.12221369864854,-179.508544921875,0.021298512816429138,50
41187,-95.9333994637309,-48.12221369864854,-416.9944763183594,0.041089966893196106,70
41239,-100.21159354124393,-48.12221369864854,-107.57332611083984,0.022709785029292107,52
41739,-2.025488982454135,-48.12221369864854,40374.00390625,0.154018372297287,500
42239,13.837210513601349,-48.12221369864854,49280.87109375,0.2050269991159439,500
42319,-100.30062776894192,-48.12221369864854,-623.517822265625,0.06051209196448326,80
42358,-96.35965219906939,-48.12221369864854,-43.33346176147461,0.021861055865883827,39
42415,-100.20471319792978,-48.12221369864854,-300.23382568359375,0.06491559743881226,57
42915,-1.963646827487537,-48.12221369864854,30681.9453125,0.10005232691764832,500
42942,-100.08281967040602,-48.12221369864854,24.68262481689453,0.015082601457834244,27
43056,-100.45955482814679,-48.12221369864854,-1722.84130859375,0.08624240010976791,114
43094,-96.83855404333008,-48.12221369864854,23.728759765625,0.020105114206671715,38
43167,-91.3304460979798,-48.12221369864854,-461.21124267578125,0.043633218854665756,73
43667,2.245743526699698,-48.12221369864854,25058.31640625,0.08017542213201523,500
43781,-100.49033675257851,-48.12221369864854,-2077.231689453125,0.08089418709278107,114
44281,-1.9417937404023178,-48.12221369864854,33970.36328125,0.11924724280834198,500
44306,-100.11176905501634,-48.12221369864854,40.72074890136719,0.024693993851542473,25
44356,-100.16736864023551,-48.12221369864854,-160.09886169433594,0.04987414926290512,50
44396,-100.17057735090202,-48.12221369864854,-112.47676849365234,0.03160177543759346,40
44512,-97.84317357081272,-48.12221369864854,-1485.593017578125,0.07490578293800354,116
44545,-100.15530528966337,-48.12221369864854,-36.145851135253906,0.014055326581001282,33
44605,-95.43601124194538,-48.12221369864854,-138.16082763671875,0.03443359583616257,60
44655,-97.23276940015785,-48.12221369864854,-132.35256958007812,0.03306852653622627,50
44684,-97.96912567227264,-48.12221369864854,113.40882110595703,0.10821124166250229,29
44744,-96.10902771309338,-48.12221369864854,-164.93460083007812,0.04383782669901848,60
44790,-96.84276590994068,-48.12221369864854,-88.7824478149414,0.015404974110424519,46
44822,-97.51772711685771,-48.12221369864854,71.15740966796875,0.06588771939277649,32
45322,-2.037087983234869,-48.278153947926356,28742.12890625,0.08289451152086258,500
45822,-0.9668904190066314,-48.278153947926356,33353.32421875,0.11009960621595383,500
45862,-97.69007228130067,-48.278153947926356,-27.784820556640625,0.015936484560370445,40
46299,-76.98370422011703,-48.278153947926356,5748.794921875,0.03079785406589508,437
46355,-95.72353697256767,-48.278153947926356,-96.71964263916016,0.03240026533603668,56
46855,93.47323673793744,-48.278153947926356,29374.447265625,0.09337136894464493,500
46966,-94.69980837141247,-48.278153947926356,-1068.6748046875,0.05104919523000717,111
47016,-100.21858574420912,-48.278153947926356,-314.61328125,0.05659504607319832,50
47081,-98.34687202988425,-48.278153947926356,-287.9398498535156,0.0505484938621521,65
47205,-100.46098753579827,-48.278153947926356,-1481.8077392578125,0.059098415076732635,124
47345,-98.30745293629298,-48.278153947926356,-834.4423828125,0.010522253811359406,140
47845,32.98964494275924,-48.278153947926356,27193.572265625,0.06998956203460693,500
47895,-97.42420251426665,-48.278153947926356,-92.74504089355469,0.03327656909823418,50
47940,-100.1827754832484,-48.278153947926356,-93.23680114746094,0.02048369124531746,45
47972,-97.2479541156863,-48.278153947926356,47.73495101928711,0.029330624267458916,32
48472,9.253230674719816,-48.278153947926356,36096.48828125,0.1421237736940384,500
48506,-100.11460161309515,-48.278153947926356,-42.733245849609375,0.011919579468667507,34
48680,-92.41707406886417,-48.278153947926356,-1558.9801025390625,0.03864689916372299,174
48859,-88.59292491637461,-48.278153947926356,-2658.66357421875,0.03748692572116852,179
48892,-100.11806605901802,-48.278153947926356,-10.231850624084473,0.004105580970644951,33
49249,-88.32225344471954,-48.278153947926356,4834.94287109375,0.07328198105096817,357
49277,-100.09026388835628,-48.278153947926356,48.021636962890625,0.03476367145776749,28
49389,-96.05667057943356,-48.278153947926356,-654.6723022460938,0.027675965800881386,112
49889,42.92347031574354,-48.278153947926356,29057.50390625,0.08548666536808014,500
49917,-99.96160192567913,-48.278153947926356,43.56321716308594,0.05216286703944206,28
49944,-99.94431530437214,-48.278153947926356,34.72366714477539,0.02263430319726467,27
49989,-96.37364986641205,-48.278153947926356,-83.23387908935547,0.018903397023677826,45
50489,-2.1162874695498886,-48.9153984256005,39310.64453125,0.12616907060146332,500
50761,-84.72743842137606,-48.9153984256005,-936.1973266601562,0.015377280302345753,272
50792,-97.8073634137454,-48.9153984256005,69.3917007446289,0.11923784762620926,31
51092,-41.78147890344553,-48.9153984256005,2400.865478515625,0.05786491185426712,300
51131,-100.14826391434326,-48.9153984256005,-75.56452178955078,0.0214329045265913,39
51172,-96.9821330659579,-48.9153984256005,63.69288635253906,0.028498109430074692,41
51222,-95.96445972318179,-48.9153984256005,-110.70182800292969,0.02826187200844288,50
51264,-96.88097674775054,-48.9153984256005,14.084335327148438,0.028797747567296028,42
51764,5.136759879278543,-48.9153984256005,14771.2431640625,0.02515363320708275,500
51948,-71.42067586024314,-48.9153984256005,-2546.588623046875,0.04095437005162239,184
52270,-95.33704863223284,-48.9153984256005,4932.6201171875,0.02384757623076439,322
52770,44.38869408961364,-48.9153984256005,30369.7890625,0.09609836339950562,500
53064,-94.90230133255682,-48.9153984256005,-4009.40576171875,0.03122582845389843,294
53100,-96.60716677652817,-48.9153984256005,-13.46399211883545,0.009341717697679996,36
53127,-97.76668195063394,-48.9153984256005,48.796234130859375,0.050496961921453476,27
53204,-100.28000193450134,-48.9153984256005,-557.411865234375,0.06980214267969131,77
53320,-77.00645744088251,-48.9153984256005,-1358.24560546875,0.045461151748895645,116
53820,10.037717853851063,-48.9153984256005,32465.40234375,0.09177133440971375,500
53863,-100.19779114628182,-48.9153984256005,-125.27232360839844,0.02317645773291588,43
53905,-100.22702177106112,-48.9153984256005,-151.41058349609375,0.024907834827899933,42
53944,-100.16522946309487,-48.9153984256005,-30.70159149169922,0.010855242609977722,39
54017,-98.86078984423511,-48.9153984256005,-370.09906005859375,0.028996141627430916,73
54074,-96.95795216526312,-48.9153984256005,-155.80287170410156,0.038579024374485016,57
54574,14.397969517990532,-48.9153984256005,17951.845703125,0.033061474561691284,500
54645,-100.28902687592199,-48.9153984256005,-660.8377075195312,0.06915508955717087,71
54703,-96.47345766301441,-48.9153984256005,-180.23049926757812,0.049795910716056824,58
54762,-97.19407363513892,-48.9153984256005,-276.748046875,0.046250373125076294,59
54791,-97.93320144209429,-48.9153984256005,69.58336639404297,0.05206277593970299,29
54819,-100.10289370796818,-48.9153984256005,11.214138984680176,0.005236155819147825,28
54849,-100.11234403234994,-48.9153984256005,2.743757724761963,0.0036875992082059383,30
54892,-100.16574063529333,-48.9153984256005,-64.06838989257812,0.01620418205857277,43
55392,7.419487351986845,-49.65383840014426,24265.708984375,0.04491999000310898,500
55892,9.745308545120452,-49.65383840014426,14343.2294921875,0.02392677217721939,500
56332,-86.80533796539021,-49.65383840014426,1425.744873046875,0.021182062104344368,440
56372,-100.09165805685916,-49.65383840014426,-23.96883201599121,0.014307250268757343,40
56488,-99.96772402913848,-49.65383840014426,-450.47894287109375,0.008625232614576817,116
56822,-27.49411936105571,-49.65383840014426,2057.3623046875,0.06893082708120346,334
57322,33.28707373737416,-49.65383840014426,20979.4921875,0.04941350221633911,500
57395,-97.34827775474696,-49.65383840014426,-398.6990051269531,0.03746378794312477,73
57430,-97.47081815407728,-49.65383840014426,77.95611572265625,0.039767708629369736,35
57458,-99.04420813030447,-49.65383840014426,27.944669723510742,0.016820348799228668,28
57490,-97.5192211809117,-49.65383840014426,10.810633659362793,0.017411507666110992,32
57516,-100.09301946600317,-49.65383840014426,7.139504432678223,0.005282886326313019,26
58016,13.51552582106524,-49.65383840014426,27295.724609375,0.0853424221277237,500
58111,-100.39410255009716,-49.65383840014426,-1055.7242431640625,0.06051688641309738,95
58148,-100.14519499666494,-49.65383840014426,-20.274953842163086,0.005474582780152559,37
58175,-97.6971782240289,-49.65383840014426,54.91065979003906,0.04671776667237282,27
58675,0.25238783782333485,-49.65383840014426,20902.466796875,0.04071115329861641,500
58708,-100.17326977677294,-49.65383840014426,-14.811978340148926,0.005074193235486746,33
58765,-98.41017726570135,-49.65383840014426,-178.65997314453125,0.023233242332935333,57
59232,-65.21016714611233,-49.65383840014426,4804.51416015625,0.035204675048589706,467
59263,-100.13354130334483,-49.65383840014426,-19.452999114990234,0.007263390347361565,31
59298,-100.12428116666524,-49.65383840014426,-41.680023193359375,0.008707900531589985,35
59325,-100.10302867636346,-49.65383840014426,-13.838834762573242,0.002182820113375783,27
59371,-100.15528444104712,-49.65383840014426,-119.41461944580078,0.023976098746061325,46
59416,-97.286527797507,-49.65383840014426,-98.41120910644531,0.016717834398150444,45
59442,-97.74526267242618,-49.65383840014426,14.158276557922363,0.019233176484704018,26
59545,-92.60696448595263,-49.65383840014426,-1002.2476806640625,0.04836405813694,103
59625,-94.59178992532543,-49.65383840014426,-245.411376953125,0.04108648747205734,80
59696,-100.19141855038743,-49.65383840014426,-477.6296081542969,0.035695578902959824,71
59821,-100.46316607305926,-49.65383840014426,-1328.243408203125,0.04294537752866745,125
60321,51.767959467970286,-25.960689259102438,31474.578125,0.07905248552560806,500
60347,-100.09436929851654,-25.960689259102438,-1.5164037942886353,0.001368701341561973,26
60418,-100.25807164354774,-25.960689259102438,-407.3232421875,0.03868104889988899,71
60449,-97.32978260872551,-25.960689259102438,7.856368064880371,0.015850935131311417,31
60482,-99.47434767402592,-25.960689259102438,17.475374221801758,0.005855135153979063,33
60538,-94.69886365102138,-25.960689259102438,-247.0376739501953,0.02764446660876274,56
61038,4.704055806751967,-25.960689259102438,22546.078125,0.04859934747219086,500
61102,-96.82395428266318,-25.960689259102438,-301.4468994140625,0.03105301409959793,64
61602,96.95302095935858,-25.960689259102438,56411.234375,0.29920825362205505,500
61634,-99.01827479893109,-25.960689259102438,2.112356662750244,0.003701132256537676,32
61735,-89.62515952827744,-25.960689259102438,-667.2484130859375,0.028904331848025322,101
62110,-81.67123122018847,-25.960689259102438,5349.8408203125,0.053208913654088974,375
62161,-100.25213967380114,-25.960689259102438,-92.14044189453125,0.00990878976881504,51
62194,-100.15038865630777,-25.960689259102438,-13.496780395507812,0.0036222536582499743,33
62507,-82.36606102901897,-25.960689259102438,779.6229248046875,0.018506277352571487,313
63007,21.885445726416947,-25.960689259102438,26113.12890625,0.06682730466127396,500
63031,-100.08238516136771,-25.960689259102438,11.939913749694824,0.00788299459964037,24
63067,-100.12279447529,-25.960689259102438,-27.583526611328125,0.004399812780320644,36
63117,-96.53941176668741,-25.960689259102438,-78.72071838378906,0.013476421125233173,50
63160,-100.14470573117433,-25.960689259102438,-59.101959228515625,0.011044757440686226,43
63196,-100.19246282649692,-25.960689259102438,-51.59369659423828,0.013938754796981812,36
63696,126.31629528273743,-25.960689259102438,53889.45703125,0.31992006301879883,500
64196,28.52462154659497,-25.960689259102438,40674.34765625,0.1324019581079483,500
64244,-100.23944538453361,-25.960689259102438,-78.81890869140625,0.015077640302479267,48
64744,9.026270926596226,-25.960689259102438,20717.8203125,0.04056524112820625,500
65097,-92.0658107932286,-95.95601854429788,1531.64111328125,0.014939461834728718,353
65566,-76.35806897199336,-95.95601854429788,13386.9189453125,0.04687158390879631,469
65657,-93.63411124352933,-95.95601854429788,-607.0966186523438,0.03881361708045006,91
66025,-81.32778868128298,-95.95601854429788,9715.5576171875,0.07120481133460999,368
66525,2.6022900523025783,-95.95601854429788,23180.802734375,0.04701143875718117,500
66574,-96.38963143801084,-95.95601854429788,-69.50808715820312,0.016517700627446175,49
66604,-99.29189348442014,-95.95601854429788,-9.669244766235352,0.014321149326860905,30
67104,14.62247435310519,-95.95601854429788,35670.984375,0.11550101637840271,500
67144,-100.19004909740033,-95.95601854429788,-80.49980163574219,0.020011521875858307,40
67172,-97.7064630951063,-95.95601854429788,9.391915321350098,0.013857951387763023,28
67672,17.753260614495048,-95.95601854429788,25819.775390625,0.04448200762271881,500
67715,-96.68168287192839,-95.95601854429788,-14.372766494750977,0.015436668880283833,43
67799,-100.2331160333124,-95.95601854429788,-734.11962890625,0.035363540053367615,84
68287,-62.00510675777923,-95.95601854429788,9222.3173828125,0.04883674532175064,488
68746,-60.01314814606587,-95.95601854429788,6481.2490234375,0.033768679946660995,459
68778,-100.13589929077352,-95.95601854429788,-20.519018173217773,0.005744085647165775,32
69278,10.714343664286389,-95.95601854429788,30901.005859375,0.07136721163988113,500
69778,13.155785988843945,-95.95601854429788,23342.521484375,0.05349677801132202,500
69879,-100.26922182420822,-95.95601854429788,-865.5540161132812,0.028223389759659767,101
69919,-100.1595177280833,-95.95601854429788,-99.21363067626953,0.007206525653600693,40
70419,8.227071270557644,-91.34707201615956,20208.203125,0.03890549764037132,500
70919,9.575448289819178,-91.34707201615956,26227.12109375,0.05918915197253227,500
71419,23.772277863682575,-91.34707201615956,28492.15625,0.06902694702148438,500
71494,-94.75699484885263,-91.34707201615956,-410.9101867675781,0.05981115624308586,75
71994,2.3847429817524244,-91.34707201615956,24948.44140625,0.05759233236312866,500
72025,-100.09920410084305,-91.34707201615956,12.062958717346191,0.0036919477861374617,31
72525,22.187445442552416,-91.34707201615956,23742.19921875,0.04323256388306618,500
72563,-100.1405937821155,-91.34707201615956,-13.248332023620605,0.0014993606600910425,38
72670,-89.59939658532676,-91.34707201615956,-708.2987670898438,0.02967788465321064,107
72723,-100.19785647331446,-91.34707201615956,-155.9905242919922,0.01496207993477583,53
72847,-85.34567990797859,-91.34707201615956,-982.4058837890625,0.031503740698099136,124
73347,8.71182612754501,-91.34707201615956,28094.03125,0.08093617856502533,500
73376,-97.81536389773828,-91.34707201615956,29.550382614135742,0.015242616645991802,29
73408,-97.76718071394134,-91.34707201615956,-1.7659189701080322,0.011713647283613682,32
73908,31.95310209215313,-91.34707201615956,28665.470703125,0.07384839653968811,500
74005,-97.00381283874322,-91.34707201615956,-712.290283203125,0.03149377554655075,97
74505,30.90491883249979,-91.34707201615956,33708.56640625,0.11924293637275696,500
74563,-100.24452294052207,-91.34707201615956,-161.73770141601562,0.015521557070314884,58
75063,19.492095820703526,-39.92270595407669,20137.396484375,0.04109225422143936,500
75100,-100.13098493410689,-39.92270595407669,-32.34672927856445,0.004138435702770948,37
75128,-97.28126370420796,-39.92270595407669,12.183330535888672,0.0068780723959207535,28
75628,8.050479917067605,-39.92270595407669,20604.314453125,0.044351913034915924,500
75662,-100.1742259705934,-39.92270595407669,-2.202298164367676,0.0033800045493990183,34
76162,49.981572051348394,-39.92270595407669,34693.80859375,0.09092767536640167,500
76197,-97.84755759732798,-39.92270595407669,-27.247093200683594,0.016412345692515373,35
76697,35.59313816376016,-39.92270595407669,22386.35546875,0.04854391887784004,500
76736,-97.06661827682183,-39.92270595407669,-38.04054641723633,0.02188078872859478,39
76764,-99.11282252115416,-39.92270595407669,17.832372665405273,0.007490326650440693,28
76894,-100.51649239624021,-39.92270595407669,-1418.3763427734375,0.037571020424366,130
76980,-100.34753687755438,-39.92270595407669,-652.5620727539062,0.03792765364050865,86
77010,-100.14307775296038,-39.92270595407669,-20.501985549926758,0.0035250005312263966,30
77260,-89.21033226910356,-39.92270595407669,-1976.4991455078125,0.0197274312376976,250
77760,111.33769898720908,-39.92270595407669,37837.77734375,0.17324946820735931,500
78260,6.842487309352691,-39.92270595407669,21171.453125,0.044034767895936966,500
78760,21.035955998222562,-39.92270595407669,31023.68359375,0.05831097811460495,500
78792,-100.09708848386072,-39.92270595407669,-0.13500303030014038,0.0019125893013551831,32
78958,-84.59139322890951,-39.92270595407669,-1690.1934814453125,0.020446734502911568,166
79009,-100.18424916071672,-39.92270595407669,-110.591552734375,0.022675147280097008,51
79050,-96.78101418568986,-39.92270595407669,-69.93646240234375,0.020480582490563393,41
79080,-97.77684267307632,-39.92270595407669,19.978361129760742,0.009454790502786636,30
79580,55.052978950702936,-39.92270595407669,26741.55078125,0.07485054433345795,500
79614,-100.15151307859924,-39.92270595407669,-38.866859436035156,0.005104195326566696,34
79899,-85.16239945490679,-39.92270595407669,-1360.54736328125,0.022247740998864174,285
79955,-100.2142160386029,-39.92270595407669,-163.55442810058594,0.01821894757449627,56
79997,-96.56806187692564,-39.92270595407669,-131.9597625732422,0.02198747731745243,42
80497,23.67835330036587,2.856942258578412,21138.78125,0.03850241377949715,500
80527,-100.10295035121453,2.856942258578412,0.07237295806407928,0.001672403421252966,30
80660,-90.48480518632186,2.856942258578412,-1178.3604736328125,0.03404867276549339,133
81160,6.36156569218474,2.856942258578412,27204.30078125,0.07216984778642654,500
81660,23.035523678767277,2.856942258578412,24385.1484375,0.058987945318222046,500
82160,20.589418745870717,2.856942258578412,35782.859375,0.11286880075931549,500
82660,19.361606397859532,2.856942258578412,17393.76171875,0.02940324880182743,500
82710,-100.1323188408769,2.856942258578412,-144.78968811035156,0.01995505578815937,50
83210,-1.8364702358558134,2.856942258578412,13915.462890625,0.018977217376232147,500
83710,65.8697490424529,2.856942258578412,38506.8984375,0.1169244572520256,500
84210,2.732392265696916,2.856942258578412,22227.27734375,0.04464445635676384,500
84264,-96.84357958530745,2.856942258578412,-168.05059814453125,0.04425280913710594,54
84298,-97.5668842162122,2.856942258578412,23.498424530029297,0.015114541165530682,34
84798,1.8564935159247398,2.856942258578412,23218.439453125,0.04923386499285698,500
85111,-84.48553405345046,-100.03412203110202,-2159.5859375,0.018839849159121513,313
85611,100.56393613097498,-100.03412203110202,39450.25,0.1548268347978592,500
85667,-95.83061678018021,-100.03412203110202,-141.53501892089844,0.0197990071028471,56
85707,-97.64813093865814,-100.03412203110202,-54.0954704284668,0.026959680020809174,40
85763,-100.25067836308153,-100.03412203110202,-141.63104248046875,0.016338007524609566,56
85813,-99.8982890885818,-100.03412203110202,-155.04656982421875,0.03368888795375824,50
85851,-96.78801368278073,-100.03412203110202,-28.7581844329834,0.008827905170619488,38
86351,19.43482213830339,-100.03412203110202,21887.7421875,0.05029851570725441,500
86427,-95.10089379827696,-100.03412203110202,-368.89404296875,0.029010698199272156,76
86927,4.897658195790427,-100.03412203110202,19941.91796875,0.03351176530122757,500
87427,45.466913095302516,-100.03412203110202,31017.7265625,0.07624465972185135,500
87927,32.37284915003147,-100.03412203110202,29489.513671875,0.06330615282058716,500
87962,-100.17677126463968,-100.03412203110202,-22.91150665283203,0.013041479513049126,35
88462,12.910985441080129,-100.03412203110202,32874.84375,0.10394287109375,500
88733,-85.60091467440179,-100.03412203110202,-2441.62158203125,0.014230768196284771,271
89171,-77.86940792794667,-100.03412203110202,1162.16552734375,0.017263539135456085,438
89219,-98.91640919994097,-100.03412203110202,-91.25285339355469,0.00656227208673954,48
89719,40.15469889010092,-100.03412203110202,25156.025390625,0.05758951976895332,500
89746,-97.72933713224484,-100.03412203110202,11.865313529968262,0.014260317198932171,27
90246,16.493403936165123,-100.11277518999123,25626.69921875,0.06267257779836655,500
90289,-100.03840833751019,-100.11277518999123,-36.32378005981445,0.002927314955741167,43
90789,3.0067503359787793,-100.11277518999123,24692.80859375,0.058080267161130905,500
91289,37.044831846183115,-100.11277518999123,28725.498046875,0.07353384792804718,500
91789,45.768966527470184,-100.11277518999123,30038.71875,0.08834552019834518,500
91822,-97.10144505434437,-100.11277518999123,12.213858604431152,0.005037881899625063,33
92322,13.750161241031037,-100.11277518999123,18680.6796875,0.035099972039461136,500
92400,-94.60630733107791,-100.11277518999123,-420.4329833984375,0.036812685430049896,78
92900,-1.9845021604050999,-100.11277518999123,25067.365234375,0.06686072796583176,500
93400,23.59397412843191,-100.11277518999123,16660.69921875,0.02822716161608696,500
93452,-100.24120947415577,-100.11277518999123,-129.71302795410156,0.024983497336506844,52
93952,172.83904997252466,-100.11277518999123,55046.96875,0.2500196397304535,500
94005,-100.18237688017325,-100.11277518999123,-150.21749877929688,0.026226749643683434,53
94505,35.255195961155096,-100.11277518999123,27705.888671875,0.08453485369682312,500
94540,-100.14600215374594,-100.11277518999123,-53.8162727355957,0.007161012385040522,35
95032,-89.5474232214574,-49.0738914580657,9661.5625,0.03728199750185013,492
95532,19.85200172635723,-49.0738914580657,22322.16015625,0.039618443697690964,500
96032,31.368713211438262,-49.0738914580657,22477.998046875,0.04110042378306389,500
96532,30.69202661921622,-49.0738914580657,17200.765625,0.03878976032137871,500
97032,90.07370095814804,-49.0738914580657,24017.40234375,0.05808651074767113,500
97084,-95.73633517575217,-49.0738914580657,-255.0655517578125,0.025985421612858772,52
97110,-100.08795867273875,-49.0738914580657,-2.9583029747009277,0.0006636215839534998,26
97138,-100.10715412221907,-49.0738914580657,3.5510377883911133,0.001380725298076868,28
97164,-98.30889556006878,-49.0738914580657,2.610670804977417,0.0008387569687329233,26
97263,-92.73139594797976,-49.0738914580657,-562.9953002929688,0.03920145705342293,99
97296,-100.06993660393346,-49.0738914580657,7.429532051086426,0.0022801407612860203,33
97373,-93.64323001250523,-49.0738914580657,-571.6856079101562,0.03895408660173416,77
97414,-100.16970944924105,-49.0738914580657,-65.04103088378906,0.00769792078062892,41
97473,-100.2175526897554,-49.0738914580657,-165.65582275390625,0.013542043045163155,59
97973,46.459439639775155,-49.0738914580657,18528.884765625,0.039511971175670624,500
98153,-92.05397045768768,-49.0738914580657,-2072.26318359375,0.02322223410010338,180
98184,-100.11695500768838,-49.0738914580657,8.526529312133789,0.0014049403835088015,31
98244,-100.27194105365925,-49.0738914580657,-298.6739807128906,0.02716485969722271,60
98744,38.98881503584016,-49.0738914580657,17270.35546875,0.026775673031806946,500
98783,-100.15458823618974,-49.0738914580657,-29.068347930908203,0.0021993876434862614,39
99283,8.384040672746323,-49.0738914580657,18752.748046875,0.045247871428728104,500
99360,-96.94218012173951,-49.0738914580657,-478.1457214355469,0.04515022411942482,77
99403,-100.17150135143311,-49.0738914580657,-117.88774108886719,0.0368211455643177,43
99473,-100.0259286383498,-49.0738914580657,-397.35345458984375,0.0395531989634037,70
99973,20.72712211151429,-49.0738914580657,22152.50390625,0.06078766658902168,500
100029,-95.66686248556107,-98.82696773350472,-223.35025024414062,0.025430070236325264,56
100529,2.0252482051059815,-98.82696773350472,26628.67578125,0.061781831085681915,500
101029,-2.034990593665043,-98.82696773350472,21042.50390625,0.056306540966033936,500
101119,-92.70251199268387,-98.82696773350472,-433.6930236816406,0.03417070955038071,90
101151,-97.74110238486901,-98.82696773350472,8.293914794921875,0.007134411949664354,32
101461,-83.87572196733367,-98.82696773350472,772.8744506835938,0.0198525320738554,310
101505,-97.12948079502166,-98.82696773350472,-85.32659149169922,0.03824564442038536,44
102005,9.375089406723419,-98.82696773350472,30040.0234375,0.08268670737743378,500
102505,5.131000862285418,-98.82696773350472,16774.9609375,0.02350768633186817,500
102545,-97.18128146241361,-98.82696773350472,-48.041770935058594,0.010854865424335003,40
103045,14.147060018164893,-98.82696773350472,28051.3515625,0.06159239262342453,500
103545,42.10687375859402,-98.82696773350472,29153.63671875,0.07864002138376236,500
104045,2.0371785218721925,-98.82696773350472,18128.197265625,0.03610924258828163,500
104078,-97.42294288492985,-98.82696773350472,18.75946807861328,0.016016118228435516,33
104126,-100.23082513420377,-98.82696773350472,-110.52780151367188,0.02209293842315674,48
104626,16.364322850431563,-98.82696773350472,16868.451171875,0.029103083536028862,500
105126,15.707576308275748,-97.66978536601528,24933.59765625,0.05491911619901657,500
105177,-100.104899059952,-97.66978536601528,-114.69608306884766,0.022398928180336952,51
105221,-100.0595284528099,-97.66978536601528,-64.17068481445312,0.006705434527248144,44
105288,-99.88158712530003,-97.66978536601528,-290.3816833496094,0.01913555897772312,67
105788,7.003429449041505,-97.66978536601528,22481.19921875,0.04638073965907097,500
106288,45.27361200110656,-97.66978536601528,21004.7578125,0.047914568334817886,500
106788,157.59924394112625,-97.66978536601528,31866.609375,0.1440105140209198,500
106845,-100.23278574804863,-97.66978536601528,-158.7511749267578,0.015336666256189346,57
107345,33.191381364907244,-97.66978536601528,18340.83984375,0.03140190243721008,500
107845,114.53259557831188,-97.66978536601528,40060.84375,0.13061749935150146,500
108345,9.450618779881552,-97.66978536601528,22051.345703125,0.048708364367485046,500
108845,85.01778603074854,-97.66978536601528,48071.76171875,0.18327683210372925,500
109345,10.471163379906102,-97.66978536601528,25814.703125,0.06393751502037048,500
109845,7.976926210722013,-97.66978536601528,18096.4296875,0.02948691137135029,500
109921,-95.08920477261563,-97.66978536601528,-510.5042724609375,0.03733069822192192,76
110421,22.53652098836301,-46.99080306421514,15396.4248046875,0.031793635338544846,500
110921,88.78434755480748,-46.99080306421514,24328.482421875,0.056668639183044434,500
111421,6.9374163352187,-46.99080306421514,15616.4501953125,0.02017214521765709,500
111460,-96.84532146148922,-46.99080306421514,-67.3797378540039,0.024266215041279793,39
111960,21.23998046908673,-46.99080306421514,19859.048828125,0.03324776887893677,500
112460,119.44917963602347,-46.99080306421514,25236.796875,0.09591260552406311,500
112960,-0.3609150792681248,-46.99080306421514,17781.34765625,0.038867563009262085,500
113460,70.02844705959069,-46.99080306421514,25466.337890625,0.07121448963880539,500
113960,42.89070444891331,-46.99080306421514,29051.46875,0.0766787901520729,500
114460,20.20188668189303,-46.99080306421514,17989.189453125,0.036152444779872894,500
114960,86.36297655952512,-46.99080306421514,31515.544921875,0.0795583426952362,500
114997,-97.95175887163896,-46.99080306421514,11.841769218444824,0.004491145256906748,37
115039,-100.02049442270072,-48.70005957538035,-119.18119812011719,0.018387360498309135,42
115106,-100.25745477503733,-48.70005957538035,-289.02911376953125,0.01656591147184372,67
115155,-99.4713491455841,-48.70005957538035,-97.04569244384766,0.022068068385124207,49
115655,28.839712643192797,-48.70005957538035,19319.61328125,0.053114164620637894,500
115694,-96.71139536190458,-48.70005957538035,-75.1214828491211,0.013416760601103306,39
115754,-96.04019496352703,-48.70005957538035,-431.4250793457031,0.07655595988035202,60
116254,68.67492881588623,-48.70005957538035,34086.70703125,0.09963908791542053,500
116754,62.62630564020301,-48.70005957538035,25852.630859375,0.06822749972343445,500
117254,8.147906757760211,-48.70005957538035,15076.0703125,0.020530667155981064,500
117754,114.80397608046042,-48.70005957538035,25534.27734375,0.0831122174859047,500
117815,-100.23404580324132,-48.70005957538035,-208.47593688964844,0.02343066781759262,61
118315,140.85970168258427,-48.70005957538035,48941.671875,0.196560338139534,500
118815,16.61232660326732,-48.70005957538035,15868.9912109375,0.025048209354281425,500
118859,-96.97640187233628,-48.70005957538035,-127.3499526977539,0.01673533022403717,44
119359,141.91501691493977,-48.70005957538035,31422.1171875,0.11622801423072815,500
119859,-1.9212943868988077,-48.70005957538035,17944.875,0.03435073047876358,500
119901,-99.953682840689,-48.70005957538035,-75.35386657714844,0.015743382275104523,42
120401,-1.7982114115966397,18.657613324583625,17494.58203125,0.02424132078886032,500
120486,-96.55801367185632,18.657613324583625,-824.7156372070312,0.06914643198251724,85
120986,24.077834302241683,18.657613324583625,15756.1015625,0.023333709686994553,500
121046,-100.29066096065799,18.657613324583625,-218.6148681640625,0.03212160989642143,60
121546,9.601632202065957,18.657613324583625,19652.078125,0.04808971285820007,500
121581,-100.11598486470757,18.657613324583625,-15.37853717803955,0.0027407847810536623,35
121609,-97.59001682203962,18.657613324583625,31.203472137451172,0.006901322398334742,28
122109,76.54718851435882,18.657613324583625,26517.39453125,0.07747536152601242,500
122145,-97.39855692881974,18.657613324583625,-29.177095413208008,0.009842272847890854,36
122645,80.9975016854612,18.657613324583625,24115.912109375,0.0719165951013565,500
123145,40.49107075515482,18.657613324583625,22439.296875,0.07390231639146805,500
123189,-97.04650209382817,18.657613324583625,-232.09031677246094,0.0599895641207695,44
123689,67.67650631469678,18.657613324583625,23522.703125,0.06303447484970093,500
123728,-100.20562915457413,18.657613324583625,-31.543962478637695,0.009233701974153519,39
124228,38.82372306301477,18.657613324583625,33077.7890625,0.09217193722724915,500
124728,40.244063040754554,18.657613324583625,33085.6328125,0.08382443338632584,500
124773,-97.30042315142873,18.657613324583625,-225.3987274169922,0.041921354830265045,45
124861,-95.9861349010207,18.657613324583625,-905.9694213867188,0.08260975778102875,88
124896,-97.51686865149532,18.657613324583625,-101.5814437866211,0.038843072950839996,35
125396,5.293742696010668,-99.35663307301002,13728.7763671875,0.017378222197294235,500
125896,43.66672625990395,-99.35663307301002,28135.55078125,0.07066746056079865,500
126396,13.165971204207835,-99.35663307301002,18545.91796875,0.03502504155039787,500
126427,-97.13741010475496,-99.35663307301002,-66.2275161743164,0.021737685427069664,31
126927,4.522045528801755,-99.35663307301002,19001.939453125,0.031304724514484406,500
127427,62.82429807287372,-99.35663307301002,18492.263671875,0.03626140207052231,500
127475,-100.22234414983541,-99.35663307301002,-163.15345764160156,0.018588677048683167,48
127975,-1.367787621751404,-99.35663307301002,15234.34765625,0.029180830344557762,500
128402,-93.85079203063378,-99.35663307301002,-5101.1669921875,0.02814614214003086,427
128902,-1.9127678098084289,-99.35663307301002,15147.39453125,0.028393888846039772,500
129402,51.90162041163421,-99.35663307301002,20544.638671875,0.04304942861199379,500
129902,5.859968573678088,-99.35663307301002,17299.17578125,0.03976907208561897,500
130402,27.320103641328387,-98.77783943968825,18275.33984375,0.02301596663892269,500
130432,-97.9516866535414,-98.77783943968825,-33.51040267944336,0.013326380401849747,30
130932,12.9160252818956,-98.77783943968825,16922.05859375,0.02986907958984375,500
131432,6.647190650150151,-98.77783943968825,12890.130859375,0.01695983298122883,500
131932,0.4593150741111458,-98.77783943968825,8749.966796875,0.007463153917342424,500
132432,9.399078088384158,-98.77783943968825,16768.1875,0.034186940640211105,500
132932,36.8896555071633,-98.77783943968825,19165.34765625,0.03457658365368843,500
133432,41.50303507990111,-98.77783943968825,16431.16015625,0.030349407345056534,500
133516,-95.98964693906237,-98.77783943968825,-627.5722045898438,0.05016304552555084,84
134016,40.63385366622606,-98.77783943968825,27159.8984375,0.07054109871387482,500
134516,9.768841661657916,-98.77783943968825,19986.97265625,0.034236542880535126,500
135016,16.772876871453718,2.790061148931457,17762.435546875,0.033400166779756546,500
135050,-98.65654858236667,2.790061148931457,-7.302289009094238,0.0014504635473713279,34
135095,-96.54244904402003,2.790061148931457,-123.74335479736328,0.01656523160636425,45
135595,63.43962924517302,2.790061148931457,26301.14453125,0.06628865748643875,500
136095,23.687746838837484,2.790061148931457,14156.275390625,0.03210830315947533,500
136595,56.25911757548056,2.790061148931457,28291.244140625,0.08175156265497208,500
137095,105.6387814294867,2.790061148931457,30195.41796875,0.08313458412885666,500
137595,17.227993921873804,2.790061148931457,18878.15625,0.04394761472940445,500
138095,77.37534427479386,2.790061148931457,28669.87109375,0.07033674418926239,500
138157,-96.76183013814807,2.790061148931457,-408.5052490234375,0.05197497829794884,62
138657,128.50744509157084,2.790061148931457,31267.544921875,0.11794339865446091,500
139157,120.46179264960165,2.790061148931457,29433.537109375,0.09359490126371384,500
139657,3.176620920497953,2.790061148931457,17309.685546875,0.035531457513570786,500
140157,57.024026473704,3.6016611136625842,16322.9794921875,0.026197422295808792,500
140196,-100.20446986617753,3.6016611136625842,-63.66016387939453,0.012721413746476173,39
140244,-96.4836021787487,3.6016611136625842,-108.1971435546875,0.03565410152077675,48
140744,4.429336072280421,3.6016611136625842,22697.994140625,0.05519784986972809,500
140780,-100.21220366389753,3.6016611136625842,-46.34628677368164,0.007613804657012224,36
141280,32.842453533098706,3.6016611136625842,23985.8828125,0.05033484101295471,500
141316,-99.27947343376582,3.6016611136625842,-46.402156829833984,0.009738661348819733,36
141816,73.73386124174158,3.6016611136625842,33485.390625,0.0951274186372757,500
142316,143.16333559670056,3.6016611136625842,44409.921875,0.17938381433486938,500
142383,-100.29030453384621,3.6016611136625842,-221.85899353027344,0.032685525715351105,67
142444,-96.84139232923917,3.6016611136625842,-393.0640563964844,0.06380303204059601,61
142944,4.604045139991285,3.6016611136625842,10740.1435546875,0.01724039390683174,500
142996,-97.09035486981156,3.6016611136625842,-215.32078552246094,0.049995966255664825,52
143066,-94.73646069332699,3.6016611136625842,-722.1554565429688,0.06969599425792694,70
143566,49.53784905901557,3.6016611136625842,29800.076171875,0.06696493178606033,500
144066,26.16983811536568,3.6016611136625842,20018.205078125,0.0308112520724535,500
144128,-100.23905446015124,3.6016611136625842,-230.4401397705078,0.03848288580775261,62
144628,21.038929182759603,3.6016611136625842,14133.6513671875,0.024879995733499527,500
145128,57.187831680716045,-28.233586883708995,19854.90234375,0.0553852915763855,500
145628,16.645415814325133,-28.233586883708995,23370.689453125,0.05873500555753708,500
146128,119.52452510129297,-28.233586883708995,39671.71875,0.1292940229177475,500
146179,-98.6451172254209,-28.233586883708995,-186.75668334960938,0.037018489092588425,51
146211,-97.20437368596322,-28.233586883708995,-69.86772918701172,0.017487764358520508,32
146711,65.6571031338699,-28.233586883708995,24993.662109375,0.04322649538516998,500
147211,31.87365821547519,-28.233586883708995,24776.818359375,0.05104713886976242,500
147711,9.289351040225483,-28.233586883708995,12929.7978515625,0.014490143395960331,500
147746,-100.1346908800333,-28.233586883708995,-30.092514038085938,0.011962422169744968,35
148246,16.25274942129363,-28.233586883708995,8014.6611328125,0.011820843443274498,500
148746,68.49099551239124,-28.233586883708995,26315.34375,0.06477387994527817,500
149246,25.90765736799537,-28.233586883708995,22712.25390625,0.043136294931173325,500
149286,-100.25419782433892,-28.233586883708995,-92.23635864257812,0.018065795302391052,40
149786,57.006944000761905,-28.233586883708995,25646.412109375,0.053420666605234146,500
150286,171.23033425100172,11.6960945574221,60421.71484375,0.29046007990837097,500
150786,198.97376058960072,11.6960945574221,48876.93359375,0.19920504093170166,500
150831,-100.23020725181414,11.6960945574221,-168.8909149169922,0.02330012433230877,45
151331,98.45573755821079,11.6960945574221,34406.046875,0.1138167455792427,500
151831,9.801744315642281,11.6960945574221,13148.1435546875,0.0169388260692358,500
152331,38.46197679152567,11.6960945574221,17191.59375,0.029543694108724594,500
152381,-96.00605489783811,11.6960945574221,-242.20372009277344,0.06152468919754028,50
152881,-1.9253085249811193,11.6960945574221,16360.390625,0.03659708797931671,500
153381,29.088606065688055,11.6960945574221,23793.01171875,0.04227695241570473,500
153881,37.94744177283201,11.6960945574221,19713.27734375,0.041995592415332794,500
154381,141.47521438490276,11.6960945574221,27869.353515625,0.09140416979789734,500
154881,124.6315637350126,11.6960945574221,42967.60546875,0.1401645988225937,500
155381,9.217887580941351,27.108538404815242,14977.962890625,0.03497077897191048,500
155881,69.28380854880743,27.108538404815242,25045.40625,0.04641846567392349,500
156381,60.86370482758548,27.108538404815242,22556.41015625,0.045165207237005234,500
156419,-100.17093332955847,27.108538404815242,-77.16576385498047,0.021081486716866493,38
156454,-100.17857547511812,27.108538404815242,-10.607670783996582,0.002483575139194727,35
156954,27.577658051854087,27.108538404815242,11732.69921875,0.011245638132095337,500
157454,29.70301771803497,27.108538404815242,16461.787109375,0.024577798321843147,500
157498,-100.21627907949733,27.108538404815242,-110.56546783447266,0.02939598076045513,44
157998,49.815487791391206,27.108538404815242,25549.369140625,0.05194609612226486,500
158498,32.23866206657294,27.108538404815242,19797.13671875,0.044239342212677,500
158998,-1.915155900265745,27.108538404815242,14812.650390625,0.02741812914609909,500
159498,-1.853897180287504,27.108538404815242,13426.65234375,0.027052272111177444,500
159998,0.7573820744291879,27.108538404815242,10486.998046875,0.022114340215921402,500
160498,51.7266669562905,46.484869932490014,21680.701171875,0.041633445769548416,500
160585,-95.53950628542225,46.484869932490014,-984.3546752929688,0.08553799241781235,87
161085,2.677380810813702,46.484869932490014,15085.275390625,0.03307574242353439,500
161585,130.91397067321304,46.484869932490014,39916.421875,0.15945446491241455,500
161645,-97.03769151142842,46.484869932490014,-373.3438415527344,0.05930738151073456,60
161710,-96.28122857676135,46.484869932490014,-451.00152587890625,0.08899454772472382,65
162210,171.17562611211815,46.484869932490014,37036.5703125,0.11717166751623154,500
162710,161.3756234800967,46.484869932490014,39215.4140625,0.13744670152664185,500
163210,142.2567627638091,46.484869932490014,29845.92578125,0.10131262242794037,500
163710,86.61944668949536,46.484869932490014,24976.5546875,0.04821626842021942,500
164210,79.54018354020081,46.484869932490014,17505.2890625,0.039288006722927094,500
164710,-1.9206329651850638,46.484869932490014,12588.1572265625,0.02832714654505253,500
165210,22.761238731523918,147.07495288513053,11088.7919921875,0.010205651633441448,500
165710,35.277494049780216,147.07495288513053,19350.296875,0.04039683938026428,500
165754,-97.29645097046159,147.07495288513053,-205.15347290039062,0.049523964524269104,44
166254,45.19746974373993,147.07495288513053,24116.26953125,0.04458405449986458,500
166754,64.22049360749315,147.07495288513053,20318.9296875,0.04885103181004524,500
167254,98.0057812958803,147.07495288513053,31806.62109375,0.09911942481994629,500
167295,-97.43990607465093,147.07495288513053,-84.79707336425781,0.03718457370996475,41
167795,-1.909245100078806,147.07495288513053,10118.8935546875,0.018066875636577606,500
168295,11.531074203983735,147.07495288513053,14596.1796875,0.033780597150325775,500
168342,-96.87331686646212,147.07495288513053,-286.23675537109375,0.05854570493102074,47
168842,72.13900713344992,147.07495288513053,21099.048828125,0.054718080908060074,500
168897,-100.2599165825377,147.07495288513053,-244.49850463867188,0.036395322531461716,55
168936,-99.30817090492928,147.07495288513053,-144.29090881347656,0.028729427605867386,39
169436,30.264100278024898,147.07495288513053,18357.171875,0.02617066167294979,500
169486,-97.24088033737266,147.07495288513053,-187.20130920410156,0.049830351024866104,50
169986,-1.9706520001768695,147.07495288513053,5728.43798828125,0.005266124382615089,500
170041,-97.34794190485263,-43.70225741136869,-227.06097412109375,0.04379254952073097,55
170084,-100.1998104066297,-43.70225741136869,-64.99939727783203,0.014287792146205902,43
170114,-97.57208036641532,-43.70225741136869,-48.74942398071289,0.024270469322800636,30
170614,60.834276912752614,-43.70225741136869,30788.9921875,0.10129857808351517,500
171114,72.0242426845216,-43.70225741136869,28768.8203125,0.08753975480794907,500
171156,-100.18577689601807,-43.70225741136869,-43.53861618041992,0.01782846264541149,42
171198,-99.30296046345029,-43.70225741136869,-97.77796936035156,0.02440316043794155,42
171275,-97.64783855235873,-43.70225741136869,-572.7645263671875,0.049879129976034164,77
171317,-100.18991453897615,-43.70225741136869,-77.15096282958984,0.017145667225122452,42
171817,6.004762883538206,-43.70225741136869,14880.2783203125,0.025851594284176826,500
172317,46.96092601954933,-43.70225741136869,14365.49609375,0.022188156843185425,500
172817,49.05199372431616,-43.70225741136869,18331.8203125,0.03643396869301796,500
173317,49.30633555728696,-43.70225741136869,15668.4951171875,0.026631604880094528,500
173817,27.41234385535165,-43.70225741136869,12920.462890625,0.013892432674765587,500
173853,-100.16081501723966,-43.70225741136869,-42.18355941772461,0.005661588627845049,36
174353,57.375025587914934,-43.70225741136869,17871.29296875,0.028086204081773758,500
174386,-97.60629910649732,-43.70225741136869,-12.789180755615234,0.00432955427095294,33
174886,6.376732852770942,-43.70225741136869,12557.5693359375,0.018605655059218407,500
175386,19.233861077017764,68.95569967715437,10050.8798828125,0.012270644307136536,500
175530,-95.79623683115574,68.95569967715437,-2621.326171875,0.08717132359743118,144
176030,66.97018233685958,68.95569967715437,31001.978515625,0.09198809415102005,500
176530,14.008471475048282,68.95569967715437,13393.326171875,0.02286624349653721,500
177030,126.0761554157798,68.95569967715437,35854.44140625,0.1039992943406105,500
177530,-1.9809215611303443,68.95569967715437,12223.0009765625,0.023226972669363022,500
178030,21.779850074769456,68.95569967715437,9948.244140625,0.013248912990093231,500
178530,58.97043791584838,68.95569967715437,25172.755859375,0.05890814960002899,500
179030,7.709072123770511,68.95569967715437,6822.9580078125,0.0054403445683419704,500
179530,15.67988095723922,68.95569967715437,9173.046875,0.008260891772806644,500
179575,-100.11339426823542,68.95569967715437,-49.3647575378418,0.008365833200514317,45
180075,18.38408739890109,154.97428786228994,4334.369140625,0.0018485154723748565,500
180575,35.843276617595166,154.97428786228994,17180.79296875,0.027355588972568512,500
180609,-100.16403488977812,154.97428786228994,-17.17258644104004,0.002215452492237091,34
180648,-99.97649398075464,154.97428786228994,-47.50490951538086,0.009493086487054825,39
181148,134.60849928806965,154.97428786228994,42903.3203125,0.17477191984653473,500
181186,-100.1960087701591,154.97428786228994,-63.25881576538086,0.01679425686597824,38
181234,-97.19244354098555,154.97428786228994,-144.8181915283203,0.041357457637786865,48
181282,-96.8110958831603,154.97428786228994,-274.27410888671875,0.06328409910202026,48
181782,82.84985101346138,154.97428786228994,24852.587890625,0.05078533664345741,500
182282,46.269788773375694,154.97428786228994,24378.681640625,0.046604350209236145,500
182782,127.51652725558051,154.97428786228994,23973.056640625,0.06743526458740234,500
182818,-97.30435790191405,154.97428786228994,-21.593597412109375,0.0035098562948405743,36
182863,-96.98457251567743,154.97428786228994,-179.0981903076172,0.048971451818943024,45
183363,39.886857786819746,154.97428786228994,13677.505859375,0.021236315369606018,500
183863,284.9604440114017,154.97428786228994,70333.4375,0.3923841118812561,500
183901,-100.14987475633097,154.97428786228994,-43.75065231323242,0.006867627613246441,38
183931,-100.18537853867747,154.97428786228994,0.26447099447250366,0.0009868983179330826,30
184431,23.63588896913643,154.97428786228994,22108.650390625,0.04865698143839836,500
184483,-95.8811676750629,154.97428786228994,-296.7851867675781,0.049667537212371826,52
184530,-100.26902736420743,154.97428786228994,-124.2545166015625,0.023179318755865097,47
184581,-97.02757941592427,154.97428786228994,-228.84934997558594,0.056959375739097595,51
185081,95.79129662883679,-97.61663664644584,24907.708984375,0.06750507652759552,500
185581,26.069280424880617,-97.61663664644584,17714.8359375,0.028758708387613297,500
186081,79.9319876212212,-97.61663664644584,29446.498046875,0.0621485561132431,500
186581,92.05738918667794,-97.61663664644584,22708.119140625,0.04575391486287117,500
186629,-97.41627392575901,-97.61663664644584,-89.88337707519531,0.02460676059126854,48
186701,-94.45037041102478,-97.61663664644584,-733.8704223632812,0.06737867742776871,72
187201,15.025116331868048,-97.61663664644584,3515.99755859375,0.0018190585542470217,500
187701,38.47329139883152,-97.61663664644584,19573.6953125,0.04858310520648956,500
188201,72.55462593587754,-97.61663664644584,26795.248046875,0.060088928788900375,500
188701,96.13175258656383,-97.61663664644584,35830.6328125,0.10625866055488586,500
189201,69.49078078455477,-97.61663664644584,29207.607421875,0.0682469829916954,500
189701,92.08554820850986,-97.61663664644584,31465.3203125,0.0878431499004364,500
190201,100.06330593350322,36.35135337714094,34892.66015625,0.11149061471223831,500
190701,152.61955280828806,36.35135337714094,49693.81640625,0.18888992071151733,500
190734,-97.8716600280352,36.35135337714094,-14.683992385864258,0.01096877921372652,33
191234,55.371379791019535,36.35135337714094,21199.62109375,0.04212496429681778,500
191734,77.47251757720505,36.35135337714094,26946.310546875,0.087089404463768,500
191778,-100.20436363605586,36.35135337714094,-35.74954605102539,0.008497378788888454,44
192278,89.85418550545546,36.35135337714094,26231.1328125,0.06033279746770859,500
192778,20.501383792539855,36.35135337714094,6234.51220703125,0.005460693500936031,500
192828,-96.64562046025821,36.35135337714094,-184.7162628173828,0.04423459991812706,50
193328,67.01048969641852,36.35135337714094,24040.5625,0.05702468007802963,500
193828,2.77168072428708,36.35135337714094,5276.39697265625,0.010272039100527763,500
193876,-100.27289809152012,36.35135337714094,-38.94780731201172,0.01632291078567505,48
194376,65.3980503579694,36.35135337714094,20978.21484375,0.050071973353624344,500
194876,61.945524680987546,36.35135337714094,29581.640625,0.06900583952665329,500
195376,38.66486553428467,15.61249420299555,13461.232421875,0.018074657768011093,500
195876,101.45058676877716,15.61249420299555,25349.16015625,0.07279408723115921,500
195911,-97.34971426033007,15.61249420299555,-95.2166748046875,0.019406922161579132,35
195963,-96.89006719074678,15.61249420299555,-234.29364013671875,0.0375739187002182,52
195993,-100.1220705693122,15.61249420299555,3.7851786613464355,0.0003101270704064518,30
196493,13.930613299827655,15.61249420299555,7402.47265625,0.008874399587512016,500
196993,9.91947516817254,15.61249420299555,5358.04638671875,0.016635898500680923,500
197045,-100.25341359151207,15.61249420299555,-126.47150421142578,0.023395052179694176,52
197086,-98.06018958250934,15.61249420299555,-67.45458221435547,0.014891108497977257,41
197132,-100.22503672905441,15.61249420299555,-60.2705078125,0.01052976492792368,46
197632,22.247634302137158,15.61249420299555,13792.6884765625,0.015415546484291553,500
197710,-95.54031550675063,15.61249420299555,-578.2431640625,0.07122557610273361,78
198210,39.672385181706886,15.61249420299555,17155.197265625,0.02811426669359207,500
198710,25.063544831583386,15.61249420299555,12926.765625,0.017503317445516586,500
199210,114.65978151573654,15.61249420299555,34629.36328125,0.08847447484731674,500
199710,73.01142303351321,15.61249420299555,23096.9375,0.04064810648560524,500
200210,198.32244947148865,-98.21395751729142,37647.67578125,0.15957319736480713,500
200267,-98.38688359702064,-98.21395751729142,-271.4429016113281,0.04313033074140549,57
200767,150.16384380481202,-98.21395751729142,41511.53125,0.137897327542305,500
200797,-100.12890759969014,-98.21395751729142,-8.234843254089355,0.0012412600917741656,30
200862,-100.27156129613286,-98.21395751729142,-277.303955078125,0.020815294235944748,65
200909,-100.15302021762182,-98.21395751729142,-73.9551010131836,0.011303204111754894,47
201409,64.74948283677895,-98.21395751729142,17899.08984375,0.032739486545324326,500
201909,6.05728334727246,-98.21395751729142,15458.6689453125,0.03423697128891945,500
201951,-96.4492831812604,-98.21395751729142,-154.06741333007812,0.03001212701201439,42
202451,30.300376447966755,-98.21395751729142,21347.1953125,0.04715665057301521,500
202504,-96.98691717378824,-98.21395751729142,-289.3725891113281,0.05225485563278198,53
203004,153.7921302967734,-98.21395751729142,38739.98046875,0.15511348843574524,500
203504,66.68138806763318,-98.21395751729142,25190.125,0.0713791474699974,500
204004,138.06522332166423,-98.21395751729142,39599.70703125,0.13929948210716248,500
204033,-97.75920441275957,-98.21395751729142,-19.38326644897461,0.009512640535831451,29
204533,83.92321369335605,-98.21395751729142,32334.767578125,0.09465581923723221,500
204582,-97.66639285054407,-98.21395751729142,-121.12889099121094,0.023419389501214027,49
205082,25.256919148048382,85.1386450143284,9827.7705078125,0.015487798489630222,500
205582,82.77088690973687,85.1386450143284,23096.23828125,0.059455592185258865,500
206082,115.67139970033492,85.1386450143284,41259.36328125,0.12588591873645782,500
206170,-95.02523105220962,85.1386450143284,-871.3212890625,0.06996796280145645,88
206226,-100.25422626850195,85.1386450143284,-201.24172973632812,0.035804979503154755,56
206726,41.63532833017962,85.1386450143284,13598.8759765625,0.01755393296480179,500
207226,80.52960322968147,85.1386450143284,29361.0,0.08935090154409409,500
207726,44.916819640704034,85.1386450143284,20757.625,0.059822145849466324,500
208226,84.03765005703826,85.1386450143284,28116.7109375,0.09185507148504257,500
208276,-100.21324611049204,85.1386450143284,-59.6804084777832,0.014357035979628563,50
208776,70.07358088798537,85.1386450143284,27615.875,0.07701021432876587,500
209276,58.437671871404746,85.1386450143284,8905.4453125,0.011218560859560966,500
209776,64.23042167116955,85.1386450143284,23126.466796875,0.05242588743567467,500
209815,-99.64673723644228,85.1386450143284,-60.44998550415039,0.024873271584510803,39
210315,1.9799411432386478,21.469307435418216,5661.3759765625,0.011414717882871628,500
210815,27.812294987643327,21.469307435418216,20910.19140625,0.04192717373371124,500
211315,-1.9613354993662142,21.469307435418216,5761.45458984375,0.009732905775308609,500
211815,30.92490980871935,21.469307435418216,18403.94921875,0.03863817825913429,500
212315,141.96248348080644,21.469307435418216,48904.6875,0.14834313094615936,500
212815,7.7193300484516385,21.469307435418216,11239.7001953125,0.02502947300672531,500
212858,-100.19051285281603,21.469307435418216,-67.79273986816406,0.013568451628088951,43
213358,63.11887817576303,21.469307435418216,22784.400390625,0.043962959200143814,500
213858,91.72956965025446,21.469307435418216,20168.607421875,0.04311974719166756,500
214358,95.98683235034514,21.469307435418216,28897.38671875,0.07934073358774185,500
214858,146.94070336792265,21.469307435418216,30988.99609375,0.0831318274140358,500
215358,106.42998861455806,148.01257211352515,21568.482421875,0.05516735464334488,500
215858,12.175126595042457,148.01257211352515,9204.1005859375,0.021463118493556976,500
216358,28.02141048474914,148.01257211352515,12225.7490234375,0.016640841960906982,500
216858,47.61719335329599,148.01257211352515,11017.875,0.009303667582571507,500
217358,11.577050362573573,148.01257211352515,11308.4580078125,0.02609311416745186,500
217858,62.093482204845714,148.01257211352515,26796.9609375,0.06378310918807983,500
218358,30.514235373524457,148.01257211352515,15381.5439453125,0.025345932692289352,500
218414,-100.25219443946844,148.01257211352515,-285.0798645019531,0.051155559718608856,56
218914,84.39061366181761,148.01257211352515,27096.65234375,0.05734860897064209,500
219414,179.75073870069355,148.01257211352515,45857.9140625,0.241815984249115,500
219914,6.13257953460743,148.01257211352515,2494.8642578125,0.005903904791921377,500
220414,92.59032795784879,116.70442479734805,28068.00390625,0.07062423974275589,500
220914,49.110398717553835,116.70442479734805,9287.4814453125,0.013720712624490261,500
221414,13.196842235531221,116.70442479734805,10109.849609375,0.0219098087400198,500
221914,24.286452660566738,116.70442479734805,12163.61328125,0.01768176630139351,500
222414,23.047246126824746,116.70442479734805,2025.8917236328125,0.0031150581780821085,500
222914,45.09805972312779,116.70442479734805,20999.974609375,0.04496297985315323,500
223414,110.07527414378183,116.70442479734805,30788.74609375,0.10722588747739792,500
223451,-97.46086686977651,116.70442479734805,-89.19284057617188,0.03627953305840492,37
223951,36.15949894314963,116.70442479734805,5737.81005859375,0.007645866367965937,500
223984,-98.00739974877797,116.70442479734805,-45.09331130981445,0.020122351124882698,33
224484,26.06109448358052,116.70442479734805,14757.1826171875,0.030117962509393692,500
224518,-97.30532097481046,116.70442479734805,-54.58964538574219,0.0280996672809124,34
225018,55.561114453566915,92.0308783481596,18356.078125,0.03402634337544441,500
225078,-100.28998650521135,92.0308783481596,-396.55572509765625,0.0464639775454998,60
225578,69.4230997782928,92.0308783481596,20640.103515625,0.04048124700784683,500
226078,43.61426885681158,92.0308783481596,15356.6103515625,0.024992123246192932,500
226578,90.03230463645741,92.0308783481596,24899.962890625,0.07696106284856796,500
226624,-100.26621749153128,92.0308783481596,-158.2115020751953,0.041911251842975616,46
227124,54.032096873687806,92.0308783481596,21121.521484375,0.03439038619399071,500
227624,100.85647599964432,92.0308783481596,27064.248046875,0.06352291256189346,500
227653,-97.62932798975089,92.0308783481596,-61.70283126831055,0.01843295991420746,29
227687,-100.21282950014574,92.0308783481596,-16.55954933166504,0.007196139544248581,34
228187,86.25551200377413,92.0308783481596,22593.705078125,0.04388538748025894,500
228687,54.04260129906834,92.0308783481596,17490.4765625,0.024177560582756996,500
228718,-97.84502118399541,92.0308783481596,-28.07227897644043,0.015719465911388397,31
229218,136.32113657319678,92.0308783481596,36253.25,0.12326470762491226,500
229273,-99.88656771751266,92.0308783481596,-198.85391235351562,0.044298119843006134,55
229773,36.969702220940235,92.0308783481596,15054.08984375,0.02984997257590294,500
230273,146.8931841444733,171.31447645314665,38584.54296875,0.13959169387817383,500
230773,70.56931220634033,171.31447645314665,17093.482421875,0.033827073872089386,500
231273,105.9111861928086,171.31447645314665,23806.7265625,0.04652512073516846,500
231773,-1.5601744376925168,171.31447645314665,6978.05126953125,0.018125014379620552,500
232273,125.32996393704616,171.31447645314665,27762.65625,0.06169828400015831,500
232773,62.261816539032225,171.31447645314665,18013.712890625,0.033616241067647934,500
233273,31.810827935216366,171.31447645314665,8970.9453125,0.01564115844666958,500
233773,87.90476211712485,171.31447645314665,19924.763671875,0.042880307883024216,500
233807,-97.45057305601222,171.31447645314665,-92.42719268798828,0.04189576581120491,34
234307,69.99138135538306,171.31447645314665,7928.49072265625,0.014558844268321991,500
234358,-97.33683625224512,171.31447645314665,-265.73876953125,0.0749703049659729,51
234858,111.89830180880381,171.31447645314665,32422.0546875,0.08820976316928864,500
234901,-100.24071455153171,171.31447645314665,-50.32876968383789,0.015346124768257141,43
235401,71.8057182930279,44.02322448070879,16931.380859375,0.022072328254580498,500
235901,106.91116394915434,44.02322448070879,29884.0390625,0.07649387419223785,500
236401,238.93346619047225,44.02322448070879,47552.70703125,0.19118742644786835,500
236901,170.70593423539742,44.02322448070879,38756.84375,0.1162400096654892,500
236932,-97.60145043847297,44.02322448070879,-42.589866638183594,0.02842947095632553,31
237432,52.837789562192484,44.02322448070879,13038.7392578125,0.025224808603525162,500
237477,-100.21646114038595,44.02322448070879,-114.84923553466797,0.049082063138484955,45
237977,42.130814036009724,44.02322448070879,17123.28515625,0.0296405628323555,500
238477,30.27488195909973,44.02322448070879,12235.0263671875,0.03161456808447838,500
238977,53.63832984294868,44.02322448070879,12929.8701171875,0.020270178094506264,500
239477,98.50842389231548,44.02322448070879,28079.34375,0.08860179781913757,500
239977,48.8113601476889,44.02322448070879,12215.8720703125,0.014905639924108982,500
240477,72.3511489563125,222.549522077829,23976.255859375,0.07417565584182739,500
240977,61.79505390824215,222.549522077829,11838.171875,0.016187023371458054,500
241477,58.43064073200276,222.549522077829,19017.671875,0.029511135071516037,500
241512,-97.35775156947784,222.549522077829,-91.53050231933594,0.03415882959961891,35
241544,-100.12844981602393,222.549522077829,-86.86903381347656,0.026753652840852737,32
241588,-100.22460756183136,222.549522077829,-125.21651458740234,0.032203298062086105,44
242088,39.027462569005365,222.549522077829,13641.38671875,0.021798918023705482,500
242588,145.99127842518283,222.549522077829,44723.4140625,0.15992766618728638,500
242628,-97.67618947906885,222.549522077829,-95.77719116210938,0.03357613831758499,40
243128,99.413648945756,222.549522077829,24259.58984375,0.06022283062338829,500
243628,131.01496535592923,222.549522077829,31091.10546875,0.09384337067604065,500
244128,129.0344194904592,222.549522077829,34140.96484375,0.09979221224784851,500
244166,-97.41418240548228,222.549522077829,-104.97554016113281,0.046915460377931595,38
244666,91.36730797239397,222.549522077829,29851.95703125,0.06260203570127487,500
244700,-100.09991811899818,222.549522077829,-35.1151237487793,0.008803787641227245,34
245200,116.67582294167369,13.896001240122132,19236.09765625,0.04804588109254837,500
245700,34.798614677965816,13.896001240122132,7156.8779296875,0.010083300061523914,500
246200,164.71157961313293,13.896001240122132,38750.09765625,0.1282299906015396,500
246700,90.8495840979549,13.896001240122132,18211.41796875,0.04027789458632469,500
247200,1.298733849519067,13.896001240122132,710.0894775390625,0.011196891777217388,500
247700,146.03954812262418,13.896001240122132,32932.09765625,0.10698109120130539,500
248200,89.97081157808952,13.896001240122132,17745.58984375,0.04741435870528221,500
248700,127.0585934895771,13.896001240122132,30963.8515625,0.06251215189695358,500
248746,-97.47740174650971,13.896001240122132,-193.25704956054688,0.025787588208913803,46
249246,112.46533270997315,13.896001240122132,34843.59765625,0.09495116770267487,500
249746,126.79510130584413,13.896001240122132,26515.62109375,0.07570347189903259,500
250246,172.79184326640643,158.60633059657118,45723.97265625,0.17298352718353271,500
250746,65.60982526555244,158.60633059657118,9856.7353515625,0.015801068395376205,500
250797,-100.1352778536966,158.60633059657118,-216.0502166748047,0.04246671497821808,51
251297,142.14611380963106,158.60633059657118,29939.43359375,0.11228828132152557,500
251797,71.01129258813307,158.60633059657118,12978.177734375,0.031563278287649155,500
252297,8.946441744096319,158.60633059657118,4719.72119140625,0.02161671221256256,500
252797,6.980964568510444,158.60633059657118,1918.169189453125,0.011314824223518372,500
253297,166.99798719588944,158.60633059657118,34948.734375,0.12745217978954315,500
253797,76.39738357969982,158.60633059657118,12571.0234375,0.017321821302175522,500
254297,49.32622308511691,158.60633059657118,3671.050048828125,0.0031723857391625643,500
254333,-100.15270422157482,158.60633059657118,-30.67839813232422,0.007314120419323444,36
254375,-97.63729217409127,158.60633059657118,-202.09300231933594,0.05907753109931946,42
254875,170.03123003557448,158.60633059657118,42867.10546875,0.13640907406806946,500
255375,3.619674488409146,141.9089652964674,468.59417724609375,0.006252647843211889,500
255875,104.331848749458,141.9089652964674,18662.2890625,0.030493872240185738,500
256375,112.99243311198006,141.9089652964674,29826.2265625,0.09013566374778748,500
256875,85.74273635424288,141.9089652964674,20494.59375,0.03994854912161827,500
257375,14.77862986539185,141.9089652964674,9430.08984375,0.01456445548683405,500
257875,30.325469014820555,141.9089652964674,15100.873046875,0.02689412049949169,500
258375,65.1817403128407,141.9089652964674,7190.62841796875,0.013158089481294155,500
258875,158.3880535656408,141.9089652964674,29475.66796875,0.07420136034488678,500
259375,90.2407212432081,141.9089652964674,18701.771484375,0.032564278692007065,500
259875,150.2352583241978,141.9089652964674,34628.64453125,0.09560093283653259,500
260375,97.50014282385268,313.1760781533985,22408.892578125,0.04703281447291374,500
260875,52.988794965289344,313.1760781533985,7831.4345703125,0.008669511415064335,500
261375,88.79114646071321,313.1760781533985,17021.595703125,0.029954351484775543,500
261875,72.9716490816673,313.1760781533985,23703.275390625,0.0633358508348465,500
261914,-98.66618682415759,313.1760781533985,-25.23933219909668,0.004627002403140068,39
262414,76.70319631821167,313.1760781533985,15446.0595703125,0.02611463889479637,500
262914,248.06885577412322,313.1760781533985,36627.7421875,0.12840430438518524,500
263414,103.63709617626901,313.1760781533985,22569.833984375,0.05323466658592224,500
263914,17.462892001554792,313.1760781533985,-896.7166748046875,0.008587955497205257,500
263941,-97.580980912011,313.1760781533985,-24.233505249023438,0.009450890123844147,27
263983,-97.25929573908797,313.1760781533985,-257.2798767089844,0.08057457208633423,42
264483,96.3646653608198,313.1760781533985,14727.458984375,0.021503882482647896,500
264533,-97.505448230002,313.1760781533985,-373.9937438964844,0.08150798827409744,50
264570,-97.86142522566661,313.1760781533985,-46.32069396972656,0.015796832740306854,37
265070,91.00626244390048,220.92793226270533,21065.8828125,0.04251639544963837,500
265105,-100.17895046604099,220.92793226270533,-72.24870300292969,0.020073983818292618,35
265605,10.671553178240629,220.92793226270533,4586.38818359375,0.012060943990945816,500
265647,-96.680393458053,220.92793226270533,-231.23208618164062,0.06868034601211548,42
265704,-96.68793239862134,220.92793226270533,-423.2584228515625,0.11286231130361557,57
266204,109.0753097096001,220.92793226270533,33705.3125,0.0974370539188385,500
266704,118.57446960430389,220.92793226270533,20483.501953125,0.05873269587755203,500
267204,59.45687504145894,220.92793226270533,13166.4931640625,0.03358703851699829,500
267704,68.28837393575304,220.92793226270533,4875.87353515625,0.01698027178645134,500
268204,76.85739110466466,220.92793226270533,8593.9287109375,0.011153263971209526,500
268704,129.99649689950456,220.92793226270533,35260.38671875,0.09339796751737595,500
269204,124.12072905310731,220.92793226270533,22423.689453125,0.05219511315226555,500
269704,241.5576190042193,220.92793226270533,45572.69140625,0.17234405875205994,500
270204,164.68120812018412,78.83222714479962,35628.4609375,0.12316213548183441,500
270704,45.45594820347287,78.83222714479962,8289.2294921875,0.007543930318206549,500
271204,104.07092183699024,78.83222714479962,15055.0390625,0.03307811915874481,500
271704,85.57067310446655,78.83222714479962,19785.515625,0.038867875933647156,500
271745,-100.17747931745544,78.83222714479962,-94.84600830078125,0.028458954766392708,41
272245,13.525984231287566,78.83222714479962,4094.66845703125,0.014275251887738705,500
272745,117.08209085651379,78.83222714479962,33119.5625,0.09461070597171783,500
273245,189.5285968252938,78.83222714479962,39191.75390625,0.14765697717666626,500
273745,280.4190551778878,78.83222714479962,46520.51953125,0.1898970752954483,500
274245,80.6504563810754,78.83222714479962,16439.234375,0.04091469570994377,500
274745,77.12168040585311,78.83222714479962,13608.0703125,0.01351248100399971,500
275245,166.08862847563796,172.89372254173057,29180.69921875,0.07521820068359375,500
275745,14.389377957930265,172.89372254173057,4627.7705078125,0.023444799706339836,500
276245,33.88037182833796,172.89372254173057,9550.19140625,0.011596730910241604,500
276280,-100.17795621286496,172.89372254173057,-5.572160243988037,0.0054689496755599976,35
276780,5.209600227641658,172.89372254173057,4339.34765625,0.017559722065925598,500
277280,25.77868630831634,172.89372254173057,2331.72265625,0.003165353322401643,500
277780,116.28274083652809,172.89372254173057,14599.71484375,0.03936360031366348,500
278280,76.89018202592433,172.89372254173057,17109.880859375,0.020766811445355415,500
278780,30.77189394851939,172.89372254173057,4858.13134765625,0.010509978048503399,500
279280,111.74596027935786,172.89372254173057,25261.205078125,0.05301623418927193,500
279323,-100.21647675865097,172.89372254173057,-53.338008880615234,0.017722751945257187,43
279823,109.56735952555027,172.89372254173057,23688.28515625,0.06272678822278976,500
279862,-100.07884652289431,172.89372254173057,-86.43025207519531,0.027040693908929825,39
280362,97.5911650584867,-98.81134699578979,16503.8046875,0.02386550046503544,500
280862,152.9017156481641,-98.81134699578979,29721.28125,0.0952584370970726,500
281362,87.91160953599956,-98.81134699578979,15633.890625,0.02894504927098751,500
281402,-100.18593165220227,-98.81134699578979,-160.81365966796875,0.023880166932940483,40
281902,183.27277754070383,-98.81134699578979,42002.9609375,0.12859639525413513,500
281958,-96.4207943585734,-98.81134699578979,-347.3687744140625,0.09578122198581696,56
282005,-96.94021333629644,-98.81134699578979,-336.2580261230469,0.11178276687860489,47
282072,-96.99349626524781,-98.81134699578979,-726.724365234375,0.1382501721382141,67
282117,-100.21954655391164,-98.81134699578979,-129.137939453125,0.022680984809994698,45
282617,73.24051744608244,-98.81134699578979,12992.36328125,0.015863297507166862,500
283117,37.90429328579921,-98.81134699578979,-2153.4921875,0.0047927675768733025,500
283617,53.03212121833624,-98.81134699578979,10854.064453125,0.014183488674461842,500
284117,44.773404009734804,-98.81134699578979,10276.01953125,0.01619112305343151,500
284617,47.011809384344815,-98.81134699578979,-565.5936279296875,0.007344329729676247,500
285117,0.386252596182203,54.104979658011985,-6627.2392578125,0.008388170041143894,500
285617,120.21830581502559,54.104979658011985,33328.328125,0.09175598621368408,500
286117,135.94128587327577,54.104979658011985,23413.650390625,0.06176157295703888,500
286164,-97.273994836989,54.104979658011985,-256.5769348144531,0.08377252519130707,47
286664,116.45149428857985,54.104979658011985,19881.330078125,0.04308444634079933,500
286711,-97.32038224746066,54.104979658011985,-151.75094604492188,0.023349573835730553,47
287211,53.21120524677826,54.104979658011985,6221.9072265625,0.006628471426665783,500
287711,170.95110861251305,54.104979658011985,35477.265625,0.12652689218521118,500
287744,-97.6727556351525,54.104979658011985,-64.45135498046875,0.008664947934448719,33
288244,49.45093255515167,54.104979658011985,11587.8935546875,0.034949105232954025,500
288744,98.95090776141478,54.104979658011985,26733.91796875,0.05866042524576187,500
289244,169.42891883428092,54.104979658011985,44666.34375,0.12634068727493286,500
289744,50.68030924597588,54.104979658011985,11200.392578125,0.018251797184348106,500
290244,129.5405660583092,73.90209248071886,25403.427734375,0.0542081817984581,500
290744,106.47413107614648,73.90209248071886,24338.287109375,0.051578208804130554,500
291244,14.528923024789037,73.90209248071886,718.605224609375,0.008497264236211777,500
291290,-97.13229518948356,73.90209248071886,-306.05767822265625,0.09032569080591202,46
291790,74.71347480285021,73.90209248071886,15801.037109375,0.029178371652960777,500
291891,-96.40330606282441,73.90209248071886,-1463.7777099609375,0.14581403136253357,101
292391,97.60213042055238,73.90209248071886,13247.6318359375,0.018294760957360268,500
292891,164.64473621809884,73.90209248071886,26380.5078125,0.0595797598361969,500
293391,105.04581930837571,73.90209248071886,27911.109375,0.08751936256885529,500
